[{"model": "admin.logentry", "pk": 1, "fields": {"action_time": "2023-07-28T01:41:06.858Z", "user": 1, "content_type": 21, "object_id": "3", "object_repr": "WishList object (3)", "action_flag": 3, "change_message": ""}}, {"model": "admin.logentry", "pk": 2, "fields": {"action_time": "2023-07-28T01:41:06.861Z", "user": 1, "content_type": 21, "object_id": "2", "object_repr": "WishList object (2)", "action_flag": 3, "change_message": ""}}, {"model": "admin.logentry", "pk": 3, "fields": {"action_time": "2023-07-28T01:41:40.042Z", "user": 1, "content_type": 21, "object_id": "4", "object_repr": "WishList object (4)", "action_flag": 3, "change_message": ""}}, {"model": "admin.logentry", "pk": 4, "fields": {"action_time": "2023-07-28T03:27:06.766Z", "user": 1, "content_type": 21, "object_id": "5", "object_repr": "WishList object (5)", "action_flag": 3, "change_message": ""}}, {"model": "admin.logentry", "pk": 5, "fields": {"action_time": "2023-07-28T03:27:06.771Z", "user": 1, "content_type": 21, "object_id": "1", "object_repr": "WishList object (1)", "action_flag": 3, "change_message": ""}}, {"model": "admin.logentry", "pk": 6, "fields": {"action_time": "2023-07-28T15:37:14.759Z", "user": 1, "content_type": 22, "object_id": "1", "object_repr": "Guest object (1)", "action_flag": 3, "change_message": ""}}, {"model": "admin.logentry", "pk": 7, "fields": {"action_time": "2023-07-28T16:21:31.746Z", "user": 1, "content_type": 18, "object_id": "5", "object_repr": "CartItems object (5)", "action_flag": 2, "change_message": "[{\"changed\": {\"fields\": [\"User\", \"Cart\"]}}]"}}, {"model": "admin.logentry", "pk": 8, "fields": {"action_time": "2023-07-28T16:21:44.104Z", "user": 1, "content_type": 18, "object_id": "1", "object_repr": "CartItems object (1)", "action_flag": 2, "change_message": "[{\"changed\": {\"fields\": [\"User\", \"Cart\"]}}]"}}, {"model": "admin.logentry", "pk": 9, "fields": {"action_time": "2023-07-28T20:44:09.402Z", "user": 1, "content_type": 4, "object_id": "3", "object_repr": "krishnakannan551@gmail.com", "action_flag": 3, "change_message": ""}}, {"model": "admin.logentry", "pk": 10, "fields": {"action_time": "2023-07-28T20:46:21.915Z", "user": 1, "content_type": 4, "object_id": "4", "object_repr": "krishnakannan551@gmail.com", "action_flag": 3, "change_message": ""}}, {"model": "admin.logentry", "pk": 11, "fields": {"action_time": "2023-08-01T09:45:22.887Z", "user": 1, "content_type": 14, "object_id": "40", "object_repr": "Order object (40)", "action_flag": 3, "change_message": ""}}, {"model": "admin.logentry", "pk": 12, "fields": {"action_time": "2023-08-01T09:45:22.891Z", "user": 1, "content_type": 14, "object_id": "39", "object_repr": "Order object (39)", "action_flag": 3, "change_message": ""}}, {"model": "admin.logentry", "pk": 13, "fields": {"action_time": "2023-08-01T09:45:22.895Z", "user": 1, "content_type": 14, "object_id": "38", "object_repr": "Order object (38)", "action_flag": 3, "change_message": ""}}, {"model": "admin.logentry", "pk": 14, "fields": {"action_time": "2023-08-01T09:45:22.899Z", "user": 1, "content_type": 14, "object_id": "37", "object_repr": "Order object (37)", "action_flag": 3, "change_message": ""}}, {"model": "admin.logentry", "pk": 15, "fields": {"action_time": "2023-08-01T09:45:22.903Z", "user": 1, "content_type": 14, "object_id": "36", "object_repr": "Order object (36)", "action_flag": 3, "change_message": ""}}, {"model": "admin.logentry", "pk": 16, "fields": {"action_time": "2023-08-01T09:45:22.907Z", "user": 1, "content_type": 14, "object_id": "35", "object_repr": "Order object (35)", "action_flag": 3, "change_message": ""}}, {"model": "admin.logentry", "pk": 17, "fields": {"action_time": "2023-08-01T09:45:22.910Z", "user": 1, "content_type": 14, "object_id": "34", "object_repr": "Order object (34)", "action_flag": 3, "change_message": ""}}, {"model": "admin.logentry", "pk": 18, "fields": {"action_time": "2023-08-01T09:45:22.913Z", "user": 1, "content_type": 14, "object_id": "33", "object_repr": "Order object (33)", "action_flag": 3, "change_message": ""}}, {"model": "admin.logentry", "pk": 19, "fields": {"action_time": "2023-08-01T09:45:22.916Z", "user": 1, "content_type": 14, "object_id": "32", "object_repr": "Order object (32)", "action_flag": 3, "change_message": ""}}, {"model": "admin.logentry", "pk": 20, "fields": {"action_time": "2023-08-01T09:45:22.920Z", "user": 1, "content_type": 14, "object_id": "31", "object_repr": "Order object (31)", "action_flag": 3, "change_message": ""}}, {"model": "admin.logentry", "pk": 21, "fields": {"action_time": "2023-08-01T09:45:22.924Z", "user": 1, "content_type": 14, "object_id": "30", "object_repr": "Order object (30)", "action_flag": 3, "change_message": ""}}, {"model": "admin.logentry", "pk": 22, "fields": {"action_time": "2023-08-01T09:45:22.927Z", "user": 1, "content_type": 14, "object_id": "29", "object_repr": "Order object (29)", "action_flag": 3, "change_message": ""}}, {"model": "admin.logentry", "pk": 23, "fields": {"action_time": "2023-08-01T09:45:22.932Z", "user": 1, "content_type": 14, "object_id": "28", "object_repr": "Order object (28)", "action_flag": 3, "change_message": ""}}, {"model": "admin.logentry", "pk": 24, "fields": {"action_time": "2023-08-01T09:45:22.935Z", "user": 1, "content_type": 14, "object_id": "27", "object_repr": "Order object (27)", "action_flag": 3, "change_message": ""}}, {"model": "admin.logentry", "pk": 25, "fields": {"action_time": "2023-08-01T09:45:22.938Z", "user": 1, "content_type": 14, "object_id": "26", "object_repr": "Order object (26)", "action_flag": 3, "change_message": ""}}, {"model": "admin.logentry", "pk": 26, "fields": {"action_time": "2023-08-01T09:45:22.943Z", "user": 1, "content_type": 14, "object_id": "25", "object_repr": "Order object (25)", "action_flag": 3, "change_message": ""}}, {"model": "admin.logentry", "pk": 27, "fields": {"action_time": "2023-08-01T09:45:22.946Z", "user": 1, "content_type": 14, "object_id": "24", "object_repr": "Order object (24)", "action_flag": 3, "change_message": ""}}, {"model": "admin.logentry", "pk": 28, "fields": {"action_time": "2023-08-01T09:45:22.949Z", "user": 1, "content_type": 14, "object_id": "23", "object_repr": "Order object (23)", "action_flag": 3, "change_message": ""}}, {"model": "admin.logentry", "pk": 29, "fields": {"action_time": "2023-08-01T09:45:22.953Z", "user": 1, "content_type": 14, "object_id": "22", "object_repr": "Order object (22)", "action_flag": 3, "change_message": ""}}, {"model": "admin.logentry", "pk": 30, "fields": {"action_time": "2023-08-01T09:45:22.956Z", "user": 1, "content_type": 14, "object_id": "21", "object_repr": "Order object (21)", "action_flag": 3, "change_message": ""}}, {"model": "admin.logentry", "pk": 31, "fields": {"action_time": "2023-08-01T09:45:22.959Z", "user": 1, "content_type": 14, "object_id": "20", "object_repr": "Order object (20)", "action_flag": 3, "change_message": ""}}, {"model": "admin.logentry", "pk": 32, "fields": {"action_time": "2023-08-01T09:45:22.963Z", "user": 1, "content_type": 14, "object_id": "19", "object_repr": "Order object (19)", "action_flag": 3, "change_message": ""}}, {"model": "admin.logentry", "pk": 33, "fields": {"action_time": "2023-08-01T09:45:22.966Z", "user": 1, "content_type": 14, "object_id": "18", "object_repr": "Order object (18)", "action_flag": 3, "change_message": ""}}, {"model": "admin.logentry", "pk": 34, "fields": {"action_time": "2023-08-01T09:45:22.969Z", "user": 1, "content_type": 14, "object_id": "17", "object_repr": "Order object (17)", "action_flag": 3, "change_message": ""}}, {"model": "admin.logentry", "pk": 35, "fields": {"action_time": "2023-08-01T09:45:22.973Z", "user": 1, "content_type": 14, "object_id": "16", "object_repr": "Order object (16)", "action_flag": 3, "change_message": ""}}, {"model": "admin.logentry", "pk": 36, "fields": {"action_time": "2023-08-01T09:45:32.685Z", "user": 1, "content_type": 14, "object_id": "41", "object_repr": "Order object (41)", "action_flag": 3, "change_message": ""}}, {"model": "admin.logentry", "pk": 37, "fields": {"action_time": "2023-08-01T09:45:32.689Z", "user": 1, "content_type": 14, "object_id": "15", "object_repr": "Order object (15)", "action_flag": 3, "change_message": ""}}, {"model": "admin.logentry", "pk": 38, "fields": {"action_time": "2023-08-01T09:45:32.693Z", "user": 1, "content_type": 14, "object_id": "14", "object_repr": "Order object (14)", "action_flag": 3, "change_message": ""}}, {"model": "admin.logentry", "pk": 39, "fields": {"action_time": "2023-08-01T09:45:32.696Z", "user": 1, "content_type": 14, "object_id": "13", "object_repr": "Order object (13)", "action_flag": 3, "change_message": ""}}, {"model": "admin.logentry", "pk": 40, "fields": {"action_time": "2023-08-01T09:45:32.700Z", "user": 1, "content_type": 14, "object_id": "12", "object_repr": "Order object (12)", "action_flag": 3, "change_message": ""}}, {"model": "admin.logentry", "pk": 41, "fields": {"action_time": "2023-08-01T09:45:32.703Z", "user": 1, "content_type": 14, "object_id": "11", "object_repr": "Order object (11)", "action_flag": 3, "change_message": ""}}, {"model": "admin.logentry", "pk": 42, "fields": {"action_time": "2023-08-01T09:45:32.706Z", "user": 1, "content_type": 14, "object_id": "10", "object_repr": "Order object (10)", "action_flag": 3, "change_message": ""}}, {"model": "admin.logentry", "pk": 43, "fields": {"action_time": "2023-08-01T09:45:32.710Z", "user": 1, "content_type": 14, "object_id": "9", "object_repr": "Order object (9)", "action_flag": 3, "change_message": ""}}, {"model": "admin.logentry", "pk": 44, "fields": {"action_time": "2023-08-01T09:45:32.713Z", "user": 1, "content_type": 14, "object_id": "8", "object_repr": "Order object (8)", "action_flag": 3, "change_message": ""}}, {"model": "admin.logentry", "pk": 45, "fields": {"action_time": "2023-08-01T09:45:32.716Z", "user": 1, "content_type": 14, "object_id": "7", "object_repr": "Order object (7)", "action_flag": 3, "change_message": ""}}, {"model": "admin.logentry", "pk": 46, "fields": {"action_time": "2023-08-01T09:45:32.720Z", "user": 1, "content_type": 14, "object_id": "6", "object_repr": "Order object (6)", "action_flag": 3, "change_message": ""}}, {"model": "admin.logentry", "pk": 47, "fields": {"action_time": "2023-08-01T09:45:32.723Z", "user": 1, "content_type": 14, "object_id": "5", "object_repr": "Order object (5)", "action_flag": 3, "change_message": ""}}, {"model": "admin.logentry", "pk": 48, "fields": {"action_time": "2023-08-01T09:45:32.728Z", "user": 1, "content_type": 14, "object_id": "4", "object_repr": "Order object (4)", "action_flag": 3, "change_message": ""}}, {"model": "admin.logentry", "pk": 49, "fields": {"action_time": "2023-08-01T09:45:32.732Z", "user": 1, "content_type": 14, "object_id": "3", "object_repr": "Order object (3)", "action_flag": 3, "change_message": ""}}, {"model": "admin.logentry", "pk": 50, "fields": {"action_time": "2023-08-01T09:45:32.736Z", "user": 1, "content_type": 14, "object_id": "2", "object_repr": "Order object (2)", "action_flag": 3, "change_message": ""}}, {"model": "admin.logentry", "pk": 51, "fields": {"action_time": "2023-08-01T09:45:32.738Z", "user": 1, "content_type": 14, "object_id": "1", "object_repr": "Order object (1)", "action_flag": 3, "change_message": ""}}, {"model": "admin.logentry", "pk": 52, "fields": {"action_time": "2023-08-02T04:55:56.907Z", "user": 1, "content_type": 14, "object_id": "45", "object_repr": "Order object (45)", "action_flag": 3, "change_message": ""}}, {"model": "admin.logentry", "pk": 53, "fields": {"action_time": "2023-08-02T08:13:48.388Z", "user": 1, "content_type": 23, "object_id": "1", "object_repr": "Wallet object (1)", "action_flag": 2, "change_message": "[{\"changed\": {\"fields\": [\"Amount\", \"Pin\"]}}]"}}, {"model": "admin.logentry", "pk": 54, "fields": {"action_time": "2023-08-02T08:15:49.829Z", "user": 1, "content_type": 23, "object_id": "1", "object_repr": "Wallet object (1)", "action_flag": 2, "change_message": "[{\"changed\": {\"fields\": [\"Amount\"]}}]"}}, {"model": "admin.logentry", "pk": 55, "fields": {"action_time": "2023-08-02T08:42:50.302Z", "user": 1, "content_type": 24, "object_id": "2", "object_repr": "Coupon_Redeemed_Details object (2)", "action_flag": 3, "change_message": ""}}, {"model": "admin.logentry", "pk": 56, "fields": {"action_time": "2023-08-03T09:13:08.643Z", "user": 1, "content_type": 13, "object_id": "60", "object_repr": "Wallet", "action_flag": 2, "change_message": "[{\"changed\": {\"fields\": [\"Amount payed\", \"Status\"]}}]"}}, {"model": "admin.logentry", "pk": 57, "fields": {"action_time": "2023-08-03T12:03:39.508Z", "user": 1, "content_type": 25, "object_id": "2", "object_repr": "Your request for Returning Product Pack of 2 Women Printed Crepe Straight Kurta has been Rejected", "action_flag": 2, "change_message": "[{\"changed\": {\"fields\": [\"Is read\"]}}]"}}, {"model": "admin.logentry", "pk": 58, "fields": {"action_time": "2023-08-03T13:39:39.321Z", "user": 1, "content_type": 14, "object_id": "69", "object_repr": "Order object (69)", "action_flag": 3, "change_message": ""}}, {"model": "admin.logentry", "pk": 59, "fields": {"action_time": "2023-08-03T13:39:39.321Z", "user": 1, "content_type": 14, "object_id": "68", "object_repr": "Order object (68)", "action_flag": 3, "change_message": ""}}, {"model": "admin.logentry", "pk": 60, "fields": {"action_time": "2023-08-03T13:39:39.337Z", "user": 1, "content_type": 14, "object_id": "67", "object_repr": "Order object (67)", "action_flag": 3, "change_message": ""}}, {"model": "admin.logentry", "pk": 61, "fields": {"action_time": "2023-08-03T13:39:39.337Z", "user": 1, "content_type": 14, "object_id": "66", "object_repr": "Order object (66)", "action_flag": 3, "change_message": ""}}, {"model": "admin.logentry", "pk": 62, "fields": {"action_time": "2023-08-03T13:39:39.353Z", "user": 1, "content_type": 14, "object_id": "65", "object_repr": "Order object (65)", "action_flag": 3, "change_message": ""}}, {"model": "admin.logentry", "pk": 63, "fields": {"action_time": "2023-08-03T13:39:39.359Z", "user": 1, "content_type": 14, "object_id": "64", "object_repr": "Order object (64)", "action_flag": 3, "change_message": ""}}, {"model": "admin.logentry", "pk": 64, "fields": {"action_time": "2023-08-03T13:39:39.369Z", "user": 1, "content_type": 14, "object_id": "63", "object_repr": "Order object (63)", "action_flag": 3, "change_message": ""}}, {"model": "admin.logentry", "pk": 65, "fields": {"action_time": "2023-08-03T13:39:39.369Z", "user": 1, "content_type": 14, "object_id": "62", "object_repr": "Order object (62)", "action_flag": 3, "change_message": ""}}, {"model": "admin.logentry", "pk": 66, "fields": {"action_time": "2023-08-03T13:39:39.384Z", "user": 1, "content_type": 14, "object_id": "61", "object_repr": "Order object (61)", "action_flag": 3, "change_message": ""}}, {"model": "admin.logentry", "pk": 67, "fields": {"action_time": "2023-08-03T13:39:39.384Z", "user": 1, "content_type": 14, "object_id": "60", "object_repr": "Order object (60)", "action_flag": 3, "change_message": ""}}, {"model": "admin.logentry", "pk": 68, "fields": {"action_time": "2023-08-03T13:39:39.400Z", "user": 1, "content_type": 14, "object_id": "59", "object_repr": "Order object (59)", "action_flag": 3, "change_message": ""}}, {"model": "admin.logentry", "pk": 69, "fields": {"action_time": "2023-08-03T13:39:39.400Z", "user": 1, "content_type": 14, "object_id": "58", "object_repr": "Order object (58)", "action_flag": 3, "change_message": ""}}, {"model": "admin.logentry", "pk": 70, "fields": {"action_time": "2023-08-03T13:39:39.416Z", "user": 1, "content_type": 14, "object_id": "57", "object_repr": "Order object (57)", "action_flag": 3, "change_message": ""}}, {"model": "admin.logentry", "pk": 71, "fields": {"action_time": "2023-08-03T13:39:39.416Z", "user": 1, "content_type": 14, "object_id": "56", "object_repr": "Order object (56)", "action_flag": 3, "change_message": ""}}, {"model": "admin.logentry", "pk": 72, "fields": {"action_time": "2023-08-03T13:39:39.416Z", "user": 1, "content_type": 14, "object_id": "55", "object_repr": "Order object (55)", "action_flag": 3, "change_message": ""}}, {"model": "admin.logentry", "pk": 73, "fields": {"action_time": "2023-08-03T13:39:39.431Z", "user": 1, "content_type": 14, "object_id": "54", "object_repr": "Order object (54)", "action_flag": 3, "change_message": ""}}, {"model": "admin.logentry", "pk": 74, "fields": {"action_time": "2023-08-03T13:39:39.431Z", "user": 1, "content_type": 14, "object_id": "53", "object_repr": "Order object (53)", "action_flag": 3, "change_message": ""}}, {"model": "admin.logentry", "pk": 75, "fields": {"action_time": "2023-08-03T13:39:39.431Z", "user": 1, "content_type": 14, "object_id": "52", "object_repr": "Order object (52)", "action_flag": 3, "change_message": ""}}, {"model": "admin.logentry", "pk": 76, "fields": {"action_time": "2023-08-03T13:39:39.447Z", "user": 1, "content_type": 14, "object_id": "51", "object_repr": "Order object (51)", "action_flag": 3, "change_message": ""}}, {"model": "admin.logentry", "pk": 77, "fields": {"action_time": "2023-08-03T13:39:39.447Z", "user": 1, "content_type": 14, "object_id": "50", "object_repr": "Order object (50)", "action_flag": 3, "change_message": ""}}, {"model": "admin.logentry", "pk": 78, "fields": {"action_time": "2023-08-03T13:39:39.459Z", "user": 1, "content_type": 14, "object_id": "49", "object_repr": "Order object (49)", "action_flag": 3, "change_message": ""}}, {"model": "admin.logentry", "pk": 79, "fields": {"action_time": "2023-08-03T13:39:39.463Z", "user": 1, "content_type": 14, "object_id": "48", "object_repr": "Order object (48)", "action_flag": 3, "change_message": ""}}, {"model": "admin.logentry", "pk": 80, "fields": {"action_time": "2023-08-03T13:39:39.463Z", "user": 1, "content_type": 14, "object_id": "47", "object_repr": "Order object (47)", "action_flag": 3, "change_message": ""}}, {"model": "admin.logentry", "pk": 81, "fields": {"action_time": "2023-08-03T13:39:39.463Z", "user": 1, "content_type": 14, "object_id": "46", "object_repr": "Order object (46)", "action_flag": 3, "change_message": ""}}, {"model": "admin.logentry", "pk": 82, "fields": {"action_time": "2023-08-03T13:39:39.478Z", "user": 1, "content_type": 14, "object_id": "44", "object_repr": "Order object (44)", "action_flag": 3, "change_message": ""}}, {"model": "admin.logentry", "pk": 83, "fields": {"action_time": "2023-08-03T13:39:39.478Z", "user": 1, "content_type": 14, "object_id": "43", "object_repr": "Order object (43)", "action_flag": 3, "change_message": ""}}, {"model": "admin.logentry", "pk": 84, "fields": {"action_time": "2023-08-03T13:39:39.478Z", "user": 1, "content_type": 14, "object_id": "42", "object_repr": "Order object (42)", "action_flag": 3, "change_message": ""}}, {"model": "admin.logentry", "pk": 85, "fields": {"action_time": "2023-08-03T13:40:10.160Z", "user": 1, "content_type": 26, "object_id": "2", "object_repr": "return_request object (2)", "action_flag": 3, "change_message": ""}}, {"model": "admin.logentry", "pk": 86, "fields": {"action_time": "2023-08-03T13:40:10.160Z", "user": 1, "content_type": 26, "object_id": "1", "object_repr": "return_request object (1)", "action_flag": 3, "change_message": ""}}, {"model": "admin.logentry", "pk": 87, "fields": {"action_time": "2023-08-04T08:20:34.965Z", "user": 1, "content_type": 11, "object_id": "f9dd8dbf-a9a3-4497-91de-6d999ff3504d", "object_repr": "SizeVariant object (f9dd8dbf-a9a3-4497-91de-6d999ff3504d)", "action_flag": 2, "change_message": "[{\"changed\": {\"fields\": [\"Stock\"]}}]"}}, {"model": "auth.permission", "pk": 1, "fields": {"name": "Can add log entry", "content_type": 1, "codename": "add_logentry"}}, {"model": "auth.permission", "pk": 2, "fields": {"name": "Can change log entry", "content_type": 1, "codename": "change_logentry"}}, {"model": "auth.permission", "pk": 3, "fields": {"name": "Can delete log entry", "content_type": 1, "codename": "delete_logentry"}}, {"model": "auth.permission", "pk": 4, "fields": {"name": "Can view log entry", "content_type": 1, "codename": "view_logentry"}}, {"model": "auth.permission", "pk": 5, "fields": {"name": "Can add permission", "content_type": 2, "codename": "add_permission"}}, {"model": "auth.permission", "pk": 6, "fields": {"name": "Can change permission", "content_type": 2, "codename": "change_permission"}}, {"model": "auth.permission", "pk": 7, "fields": {"name": "Can delete permission", "content_type": 2, "codename": "delete_permission"}}, {"model": "auth.permission", "pk": 8, "fields": {"name": "Can view permission", "content_type": 2, "codename": "view_permission"}}, {"model": "auth.permission", "pk": 9, "fields": {"name": "Can add group", "content_type": 3, "codename": "add_group"}}, {"model": "auth.permission", "pk": 10, "fields": {"name": "Can change group", "content_type": 3, "codename": "change_group"}}, {"model": "auth.permission", "pk": 11, "fields": {"name": "Can delete group", "content_type": 3, "codename": "delete_group"}}, {"model": "auth.permission", "pk": 12, "fields": {"name": "Can view group", "content_type": 3, "codename": "view_group"}}, {"model": "auth.permission", "pk": 13, "fields": {"name": "Can add user", "content_type": 4, "codename": "add_user"}}, {"model": "auth.permission", "pk": 14, "fields": {"name": "Can change user", "content_type": 4, "codename": "change_user"}}, {"model": "auth.permission", "pk": 15, "fields": {"name": "Can delete user", "content_type": 4, "codename": "delete_user"}}, {"model": "auth.permission", "pk": 16, "fields": {"name": "Can view user", "content_type": 4, "codename": "view_user"}}, {"model": "auth.permission", "pk": 17, "fields": {"name": "Can add content type", "content_type": 5, "codename": "add_contenttype"}}, {"model": "auth.permission", "pk": 18, "fields": {"name": "Can change content type", "content_type": 5, "codename": "change_contenttype"}}, {"model": "auth.permission", "pk": 19, "fields": {"name": "Can delete content type", "content_type": 5, "codename": "delete_contenttype"}}, {"model": "auth.permission", "pk": 20, "fields": {"name": "Can view content type", "content_type": 5, "codename": "view_contenttype"}}, {"model": "auth.permission", "pk": 21, "fields": {"name": "Can add session", "content_type": 6, "codename": "add_session"}}, {"model": "auth.permission", "pk": 22, "fields": {"name": "Can change session", "content_type": 6, "codename": "change_session"}}, {"model": "auth.permission", "pk": 23, "fields": {"name": "Can delete session", "content_type": 6, "codename": "delete_session"}}, {"model": "auth.permission", "pk": 24, "fields": {"name": "Can view session", "content_type": 6, "codename": "view_session"}}, {"model": "auth.permission", "pk": 25, "fields": {"name": "Can add customer", "content_type": 7, "codename": "add_customer"}}, {"model": "auth.permission", "pk": 26, "fields": {"name": "Can change customer", "content_type": 7, "codename": "change_customer"}}, {"model": "auth.permission", "pk": 27, "fields": {"name": "Can delete customer", "content_type": 7, "codename": "delete_customer"}}, {"model": "auth.permission", "pk": 28, "fields": {"name": "Can view customer", "content_type": 7, "codename": "view_customer"}}, {"model": "auth.permission", "pk": 29, "fields": {"name": "Can add category", "content_type": 8, "codename": "add_category"}}, {"model": "auth.permission", "pk": 30, "fields": {"name": "Can change category", "content_type": 8, "codename": "change_category"}}, {"model": "auth.permission", "pk": 31, "fields": {"name": "Can delete category", "content_type": 8, "codename": "delete_category"}}, {"model": "auth.permission", "pk": 32, "fields": {"name": "Can view category", "content_type": 8, "codename": "view_category"}}, {"model": "auth.permission", "pk": 33, "fields": {"name": "Can add products", "content_type": 9, "codename": "add_products"}}, {"model": "auth.permission", "pk": 34, "fields": {"name": "Can change products", "content_type": 9, "codename": "change_products"}}, {"model": "auth.permission", "pk": 35, "fields": {"name": "Can delete products", "content_type": 9, "codename": "delete_products"}}, {"model": "auth.permission", "pk": 36, "fields": {"name": "Can view products", "content_type": 9, "codename": "view_products"}}, {"model": "auth.permission", "pk": 37, "fields": {"name": "Can add color variant", "content_type": 10, "codename": "add_colorvariant"}}, {"model": "auth.permission", "pk": 38, "fields": {"name": "Can change color variant", "content_type": 10, "codename": "change_colorvariant"}}, {"model": "auth.permission", "pk": 39, "fields": {"name": "Can delete color variant", "content_type": 10, "codename": "delete_colorvariant"}}, {"model": "auth.permission", "pk": 40, "fields": {"name": "Can view color variant", "content_type": 10, "codename": "view_colorvariant"}}, {"model": "auth.permission", "pk": 41, "fields": {"name": "Can add size variant", "content_type": 11, "codename": "add_sizevariant"}}, {"model": "auth.permission", "pk": 42, "fields": {"name": "Can change size variant", "content_type": 11, "codename": "change_sizevariant"}}, {"model": "auth.permission", "pk": 43, "fields": {"name": "Can delete size variant", "content_type": 11, "codename": "delete_sizevariant"}}, {"model": "auth.permission", "pk": 44, "fields": {"name": "Can view size variant", "content_type": 11, "codename": "view_sizevariant"}}, {"model": "auth.permission", "pk": 45, "fields": {"name": "Can add product image", "content_type": 12, "codename": "add_productimage"}}, {"model": "auth.permission", "pk": 46, "fields": {"name": "Can change product image", "content_type": 12, "codename": "change_productimage"}}, {"model": "auth.permission", "pk": 47, "fields": {"name": "Can delete product image", "content_type": 12, "codename": "delete_productimage"}}, {"model": "auth.permission", "pk": 48, "fields": {"name": "Can view product image", "content_type": 12, "codename": "view_productimage"}}, {"model": "auth.permission", "pk": 49, "fields": {"name": "Can add payment", "content_type": 13, "codename": "add_payment"}}, {"model": "auth.permission", "pk": 50, "fields": {"name": "Can change payment", "content_type": 13, "codename": "change_payment"}}, {"model": "auth.permission", "pk": 51, "fields": {"name": "Can delete payment", "content_type": 13, "codename": "delete_payment"}}, {"model": "auth.permission", "pk": 52, "fields": {"name": "Can view payment", "content_type": 13, "codename": "view_payment"}}, {"model": "auth.permission", "pk": 53, "fields": {"name": "Can add order", "content_type": 14, "codename": "add_order"}}, {"model": "auth.permission", "pk": 54, "fields": {"name": "Can change order", "content_type": 14, "codename": "change_order"}}, {"model": "auth.permission", "pk": 55, "fields": {"name": "Can delete order", "content_type": 14, "codename": "delete_order"}}, {"model": "auth.permission", "pk": 56, "fields": {"name": "Can view order", "content_type": 14, "codename": "view_order"}}, {"model": "auth.permission", "pk": 57, "fields": {"name": "Can add order product", "content_type": 15, "codename": "add_orderproduct"}}, {"model": "auth.permission", "pk": 58, "fields": {"name": "Can change order product", "content_type": 15, "codename": "change_orderproduct"}}, {"model": "auth.permission", "pk": 59, "fields": {"name": "Can delete order product", "content_type": 15, "codename": "delete_orderproduct"}}, {"model": "auth.permission", "pk": 60, "fields": {"name": "Can view order product", "content_type": 15, "codename": "view_orderproduct"}}, {"model": "auth.permission", "pk": 61, "fields": {"name": "Can add shipping address", "content_type": 16, "codename": "add_shippingaddress"}}, {"model": "auth.permission", "pk": 62, "fields": {"name": "Can change shipping address", "content_type": 16, "codename": "change_shippingaddress"}}, {"model": "auth.permission", "pk": 63, "fields": {"name": "Can delete shipping address", "content_type": 16, "codename": "delete_shippingaddress"}}, {"model": "auth.permission", "pk": 64, "fields": {"name": "Can view shipping address", "content_type": 16, "codename": "view_shippingaddress"}}, {"model": "auth.permission", "pk": 65, "fields": {"name": "Can add u cart", "content_type": 17, "codename": "add_ucart"}}, {"model": "auth.permission", "pk": 66, "fields": {"name": "Can change u cart", "content_type": 17, "codename": "change_ucart"}}, {"model": "auth.permission", "pk": 67, "fields": {"name": "Can delete u cart", "content_type": 17, "codename": "delete_ucart"}}, {"model": "auth.permission", "pk": 68, "fields": {"name": "Can view u cart", "content_type": 17, "codename": "view_ucart"}}, {"model": "auth.permission", "pk": 69, "fields": {"name": "Can add cart items", "content_type": 18, "codename": "add_cartitems"}}, {"model": "auth.permission", "pk": 70, "fields": {"name": "Can change cart items", "content_type": 18, "codename": "change_cartitems"}}, {"model": "auth.permission", "pk": 71, "fields": {"name": "Can delete cart items", "content_type": 18, "codename": "delete_cartitems"}}, {"model": "auth.permission", "pk": 72, "fields": {"name": "Can view cart items", "content_type": 18, "codename": "view_cartitems"}}, {"model": "auth.permission", "pk": 73, "fields": {"name": "Can add coupons", "content_type": 19, "codename": "add_coupons"}}, {"model": "auth.permission", "pk": 74, "fields": {"name": "Can change coupons", "content_type": 19, "codename": "change_coupons"}}, {"model": "auth.permission", "pk": 75, "fields": {"name": "Can delete coupons", "content_type": 19, "codename": "delete_coupons"}}, {"model": "auth.permission", "pk": 76, "fields": {"name": "Can view coupons", "content_type": 19, "codename": "view_coupons"}}, {"model": "auth.permission", "pk": 77, "fields": {"name": "Can add PayPal IPN", "content_type": 20, "codename": "add_paypalipn"}}, {"model": "auth.permission", "pk": 78, "fields": {"name": "Can change PayPal IPN", "content_type": 20, "codename": "change_paypalipn"}}, {"model": "auth.permission", "pk": 79, "fields": {"name": "Can delete PayPal IPN", "content_type": 20, "codename": "delete_paypalipn"}}, {"model": "auth.permission", "pk": 80, "fields": {"name": "Can view PayPal IPN", "content_type": 20, "codename": "view_paypalipn"}}, {"model": "auth.permission", "pk": 81, "fields": {"name": "Can add wish list", "content_type": 21, "codename": "add_wishlist"}}, {"model": "auth.permission", "pk": 82, "fields": {"name": "Can change wish list", "content_type": 21, "codename": "change_wishlist"}}, {"model": "auth.permission", "pk": 83, "fields": {"name": "Can delete wish list", "content_type": 21, "codename": "delete_wishlist"}}, {"model": "auth.permission", "pk": 84, "fields": {"name": "Can view wish list", "content_type": 21, "codename": "view_wishlist"}}, {"model": "auth.permission", "pk": 85, "fields": {"name": "Can add guest", "content_type": 22, "codename": "add_guest"}}, {"model": "auth.permission", "pk": 86, "fields": {"name": "Can change guest", "content_type": 22, "codename": "change_guest"}}, {"model": "auth.permission", "pk": 87, "fields": {"name": "Can delete guest", "content_type": 22, "codename": "delete_guest"}}, {"model": "auth.permission", "pk": 88, "fields": {"name": "Can view guest", "content_type": 22, "codename": "view_guest"}}, {"model": "auth.permission", "pk": 89, "fields": {"name": "Can add wallet", "content_type": 23, "codename": "add_wallet"}}, {"model": "auth.permission", "pk": 90, "fields": {"name": "Can change wallet", "content_type": 23, "codename": "change_wallet"}}, {"model": "auth.permission", "pk": 91, "fields": {"name": "Can delete wallet", "content_type": 23, "codename": "delete_wallet"}}, {"model": "auth.permission", "pk": 92, "fields": {"name": "Can view wallet", "content_type": 23, "codename": "view_wallet"}}, {"model": "auth.permission", "pk": 93, "fields": {"name": "Can add coupon_ redeemed_ details", "content_type": 24, "codename": "add_coupon_redeemed_details"}}, {"model": "auth.permission", "pk": 94, "fields": {"name": "Can change coupon_ redeemed_ details", "content_type": 24, "codename": "change_coupon_redeemed_details"}}, {"model": "auth.permission", "pk": 95, "fields": {"name": "Can delete coupon_ redeemed_ details", "content_type": 24, "codename": "delete_coupon_redeemed_details"}}, {"model": "auth.permission", "pk": 96, "fields": {"name": "Can view coupon_ redeemed_ details", "content_type": 24, "codename": "view_coupon_redeemed_details"}}, {"model": "auth.permission", "pk": 97, "fields": {"name": "Can add notification", "content_type": 25, "codename": "add_notification"}}, {"model": "auth.permission", "pk": 98, "fields": {"name": "Can change notification", "content_type": 25, "codename": "change_notification"}}, {"model": "auth.permission", "pk": 99, "fields": {"name": "Can delete notification", "content_type": 25, "codename": "delete_notification"}}, {"model": "auth.permission", "pk": 100, "fields": {"name": "Can view notification", "content_type": 25, "codename": "view_notification"}}, {"model": "auth.permission", "pk": 101, "fields": {"name": "Can add return_request", "content_type": 26, "codename": "add_return_request"}}, {"model": "auth.permission", "pk": 102, "fields": {"name": "Can change return_request", "content_type": 26, "codename": "change_return_request"}}, {"model": "auth.permission", "pk": 103, "fields": {"name": "Can delete return_request", "content_type": 26, "codename": "delete_return_request"}}, {"model": "auth.permission", "pk": 104, "fields": {"name": "Can view return_request", "content_type": 26, "codename": "view_return_request"}}, {"model": "auth.user", "pk": 1, "fields": {"password": "pbkdf2_sha256$600000$BMybzjnCf9g6DxHFP2o98k$g/jPcDPx9iQMYwvnl6S3czjDUFDl+RmYETzR/36RZa0=", "last_login": "2023-08-06T04:22:54.128Z", "is_superuser": true, "username": "arunkvb98@gmail.com", "first_name": "", "last_name": "", "email": "arunkvb98@gmail.com", "is_staff": true, "is_active": true, "date_joined": "2023-07-27T12:36:02.895Z", "groups": [], "user_permissions": []}}, {"model": "auth.user", "pk": 2, "fields": {"password": "pbkdf2_sha256$600000$onu363S16mkIRt0MHdf3uf$eIz41/s7NL4X7ls34XWMWm5SWH56j1qacnJ2KNbomzM=", "last_login": "2023-08-06T04:25:16.463Z", "is_superuser": false, "username": "arunakvb98@gmail.com", "first_name": "Arun", "last_name": "Krishna V B", "email": "arunakvb98@gmail.com", "is_staff": false, "is_active": true, "date_joined": "2023-07-27T16:15:27.172Z", "groups": [], "user_permissions": []}}, {"model": "auth.user", "pk": 5, "fields": {"password": "pbkdf2_sha256$600000$uMA2Ze51KcRSvr6V2Wgqs1$6Sp33Y8Es3/OxgRZKuVFwgWbMpS6EFrnB9VGKLrBe5A=", "last_login": "2023-07-28T20:48:14.945Z", "is_superuser": false, "username": "krishnakannan551@gmail.com", "first_name": "Test", "last_name": "User", "email": "krishnakannan551@gmail.com", "is_staff": false, "is_active": false, "date_joined": "2023-07-28T20:46:29.962Z", "groups": [], "user_permissions": []}}, {"model": "contenttypes.contenttype", "pk": 1, "fields": {"app_label": "admin", "model": "logentry"}}, {"model": "contenttypes.contenttype", "pk": 2, "fields": {"app_label": "auth", "model": "permission"}}, {"model": "contenttypes.contenttype", "pk": 3, "fields": {"app_label": "auth", "model": "group"}}, {"model": "contenttypes.contenttype", "pk": 4, "fields": {"app_label": "auth", "model": "user"}}, {"model": "contenttypes.contenttype", "pk": 5, "fields": {"app_label": "contenttypes", "model": "contenttype"}}, {"model": "contenttypes.contenttype", "pk": 6, "fields": {"app_label": "sessions", "model": "session"}}, {"model": "contenttypes.contenttype", "pk": 7, "fields": {"app_label": "store", "model": "customer"}}, {"model": "contenttypes.contenttype", "pk": 8, "fields": {"app_label": "store", "model": "category"}}, {"model": "contenttypes.contenttype", "pk": 9, "fields": {"app_label": "store", "model": "products"}}, {"model": "contenttypes.contenttype", "pk": 10, "fields": {"app_label": "store", "model": "colorvariant"}}, {"model": "contenttypes.contenttype", "pk": 11, "fields": {"app_label": "store", "model": "sizevariant"}}, {"model": "contenttypes.contenttype", "pk": 12, "fields": {"app_label": "store", "model": "productimage"}}, {"model": "contenttypes.contenttype", "pk": 13, "fields": {"app_label": "store", "model": "payment"}}, {"model": "contenttypes.contenttype", "pk": 14, "fields": {"app_label": "store", "model": "order"}}, {"model": "contenttypes.contenttype", "pk": 15, "fields": {"app_label": "store", "model": "orderproduct"}}, {"model": "contenttypes.contenttype", "pk": 16, "fields": {"app_label": "store", "model": "shippingaddress"}}, {"model": "contenttypes.contenttype", "pk": 17, "fields": {"app_label": "store", "model": "ucart"}}, {"model": "contenttypes.contenttype", "pk": 18, "fields": {"app_label": "store", "model": "cartitems"}}, {"model": "contenttypes.contenttype", "pk": 19, "fields": {"app_label": "store", "model": "coupons"}}, {"model": "contenttypes.contenttype", "pk": 20, "fields": {"app_label": "ipn", "model": "paypalipn"}}, {"model": "contenttypes.contenttype", "pk": 21, "fields": {"app_label": "store", "model": "wishlist"}}, {"model": "contenttypes.contenttype", "pk": 22, "fields": {"app_label": "store", "model": "guest"}}, {"model": "contenttypes.contenttype", "pk": 23, "fields": {"app_label": "store", "model": "wallet"}}, {"model": "contenttypes.contenttype", "pk": 24, "fields": {"app_label": "store", "model": "coupon_redeemed_details"}}, {"model": "contenttypes.contenttype", "pk": 25, "fields": {"app_label": "store", "model": "notification"}}, {"model": "contenttypes.contenttype", "pk": 26, "fields": {"app_label": "store", "model": "return_request"}}, {"model": "sessions.session", "pk": "0hr598u2yqur5yyn7mbmtqsqs7qeyglq", "fields": {"session_data": ".eJxVi0sKwzAMBe_idQm2jCOry0LPYWRJwaE_iJNV6d3bQhbtct68ebrC29rK1m0ps7qjA3f43SrLxe5f0dfHYsPOfTjfeL6edvuXNO7t8xcQYFIQI8CAYkiRcwSsvgol8hoSpiwWNVlODDxNMbDWqOOIvrrXG5TMMuU:1qPFGo:cXalLsjV7LSgv_cL74Nk9qGSDELPHJUyaMQKyWOsceE", "expire_date": "2023-08-11T04:40:06.103Z"}}, {"model": "sessions.session", "pk": "41q9ndieczou67s7g52q4td2fbtzlqdz", "fields": {"session_data": ".eJxVi0sOwjAMBe_iNaqw83HCEolzRDZxlYqf1LQrxN0BqQtYzps3TyiyLq2s3eYyVTgAwe53Uzlf7P4VfXnMNmzch9NNputxs39Jk94-f86evCPNXAmDIjMZZnV78W5MwVuUrBVHZa-EFiSbxWgVQ0qYVOD1Bmg9Miw:1qRXIY:WeHnxtC7OGJxidji_XQr7yS3TGRfm3HORPzOi4mFCNU", "expire_date": "2023-08-17T12:19:22.666Z"}}, {"model": "sessions.session", "pk": "drr58ok5yooh88x8ks57egfdf6jupay3", "fields": {"session_data": ".eJxVi0sKwzAMBe_idQmVP4rUZaHnMKqs4NAfxMmq5O5pIYt2OW_evF2WZa55aTblsbiT8-7wu11Fb_b8ija_Jut2bt3lIeP9vNu_pEqrnz_TkCwwImscjEBNojH5AomOoswxBI_UK6XQKwNi8ZoKgGKEoMmtG3usMbs:1qRxNr:3glxE1-peAZcEE5iikeDFS1BmpqEaZrmMiqOPcHxmDs", "expire_date": "2023-08-18T16:10:35.954Z"}}, {"model": "sessions.session", "pk": "fwendu536bnew5bbthwj4w4vig98i1zw", "fields": {"session_data": "e30:1qRsXc:pgGMZ_RFQiBqWNBfOfiPuBaZqRKzHggR8u72CluNuoQ", "expire_date": "2023-08-18T11:00:20.650Z"}}, {"model": "sessions.session", "pk": "jpfg6d824f4pe55zxraus10vpi4wnp39", "fields": {"session_data": ".eJxVjMsKgzAQRf8l6yLJZDImLgv9jjCJI0rrAxNXpf9eBDcuzz3c81Vr3WKRpcY6zVIqz5vqDAWNZFBDY4MGQw8V-ahjPIrscepVp4y6bYnzW5ZTlLru0lxcmtfM0-d52dtl5DKeIfAYBmpBWiLMzqSkrbfgGLOXngZ2aMkHHBwgZfGYcra6NWBB2IH6_QGkFz1G:1qP2fA:Rd1Y6TnvJ5x7KWRmcdTMzdX25j7c9tr-NAKix5PUdTI", "expire_date": "2023-08-10T15:12:24.179Z"}}, {"model": "sessions.session", "pk": "llx5t5db24rjxwdt5i8z4qom9ddf0dit", "fields": {"session_data": "eyJvdHBfc2VudF90aW1lc3RhbXAiOjE2OTA2MDM3NTUuNTMxMTc0fQ:1qPbGV:PMFkUXRQLzgGtKVMWXlizdAyAdOE9XRFFl8Tn9SyRzc", "expire_date": "2023-08-12T04:09:15.542Z"}}, {"model": "sessions.session", "pk": "lxzl0hnjthxr819vo5xxvj5p1ep6ahih", "fields": {"session_data": ".eJxVjEsKwzAMBe_idQmxLMtOl4Wew8iKjEN_ECerkruHQBbtct7w5msSr0tNa9M5TaO5Gmsuv1tmeej7EG35zNqd3Lr7i6fn7bR_l8qtHiGIOBQKoIEIxducexcdeEaJOlJhj47igMUDkmjELOL6YMGBsgez7WQAMZk:1qPTOu:kZmOzaNt9zJJlQT48wCUi66Bwd_ApnMON-ywZLoQEMc", "expire_date": "2023-08-11T19:45:24.742Z"}}, {"model": "sessions.session", "pk": "qhoouk7s9p0nmhof14m5mqgv7e2s8jia", "fields": {"session_data": "e30:1qQgBu:kTTacGWY5WiEt0kchjw1YPb6Hq0we2oxFo6H28xaAg8", "expire_date": "2023-08-15T03:36:58.833Z"}}, {"model": "sessions.session", "pk": "r9b6631wf51lucfkwq6qzam88yej9k5z", "fields": {"session_data": ".eJxVi0sKwzAMBe_idQmKHctxl4Wew0iyjEN_ECerkrunhSza5bx58zaJ1qWmtemcpmzOxprT78YkN31-RVtes3YHt-76oOl-OexfUqnVz18Z0dkguUTse_ZCNgYRcZIzBj8gFFWPIzJzlGx1cAIUMICW0QGYbQeoRTMY:1qSVKO:rE_CdVF9A79qZlXl6wXotMk3PAlrnNSNPBqu8W9Vlt4", "expire_date": "2023-08-20T04:25:16.463Z"}}, {"model": "sessions.session", "pk": "w2rff5p4bxeilhe6ydetz2pa0s0j38bj", "fields": {"session_data": ".eJxVjEsKwzAMBe_idQmxLMtOl4Wew8iKjEN_ECerkruHQBbtct7w5msSr0tNa9M5TaO5Gmsuv1tmeej7EG35zNqd3Lr7i6fn7bR_l8qtHiGIOBQKoIEIxducexcdeEaJOlJhj47igMUDkmjELOL6YMGBsgez7WQAMZk:1qPFFQ:GFjSjpnvHG38Xh2_RNpm0nvgNjSKUWBF8JgQCW2Vgsk", "expire_date": "2023-08-11T04:38:40.387Z"}}, {"model": "sessions.session", "pk": "w6x3b013xlfluuf5xoswhaq6mwhjxjel", "fields": {"session_data": "e30:1qRlSD:k4L0R8Qyw7hE6H9YvYiYiRS4jL9zU1BnripnLaEuBkA", "expire_date": "2023-08-18T03:26:17.743Z"}}, {"model": "sessions.session", "pk": "x1c7ghiskoqytrb3zunrpielphlyljg3", "fields": {"session_data": ".eJxVi0sOwjAMBe-SNaqw4ySFJRLniOzYUSp-UtOuEHcHpC5gOW_ePF3mdWl57TbnSd3Rgdv9bsLlYvev6MtjtmHjPpxvPF1Pm_1LGvf2-WvB4A3HqGMKXowT7SUB6aF4pRoAmUCBDTT6GmJCFsWIUMkXQXGvN4n_Mps:1qQgRS:YM72-RNJS7caYzNLScyyG9bMAygdjY2LuMtxcMnXEgk", "expire_date": "2023-08-15T03:53:02.044Z"}}, {"model": "sessions.session", "pk": "xv2fe0tgqqeghr4idh093b1u1pplsbex", "fields": {"session_data": ".eJxVjEsKwzAMBe_idQmxLMtOl4Wew8iKjEN_ECerkruHQBbtct7w5msSr0tNa9M5TaO5Gmsuv1tmeej7EG35zNqd3Lr7i6fn7bR_l8qtHiGIOBQKoIEIxducexcdeEaJOlJhj47igMUDkmjELOL6YMGBsgez7WQAMZk:1qPKot:i48XCnZoJlYLAr8nmUbn_jzAbNXbe1S8dmBoHOGUncA", "expire_date": "2023-08-11T10:35:39.173Z"}}, {"model": "store.customer", "pk": 1, "fields": {"user": 2, "email": "arunakvb98@gmail.com", "contact": "9876543211", "otp": "957754"}}, {"model": "store.customer", "pk": 4, "fields": {"user": 5, "email": "krishnakannan551@gmail.com", "contact": "8765432109", "otp": "569900"}}, {"model": "store.category", "pk": "027d6f3a-9131-45ea-ac43-793d6568c034", "fields": {"created_at": "2023-07-27T15:13:04.943Z", "updated_at": "2023-07-27T15:13:04.943Z", "category_name": "Men's T-Shirts", "slug": "mens-t-shirts", "is_deleted": false}}, {"model": "store.category", "pk": "291187ab-fcc9-45a5-9ac1-96f868c2d5a5", "fields": {"created_at": "2023-07-27T15:13:08.291Z", "updated_at": "2023-07-27T15:13:08.291Z", "category_name": "Men's Formal Shirts", "slug": "mens-formal-shirts", "is_deleted": false}}, {"model": "store.category", "pk": "2ad7d053-4877-4ef0-9e64-ab3001010413", "fields": {"created_at": "2023-07-29T03:39:49.149Z", "updated_at": "2023-07-29T03:39:49.149Z", "category_name": "new categ", "slug": "new-categ", "is_deleted": false}}, {"model": "store.category", "pk": "2e97bb5f-d2f2-483d-a67f-012db0d47891", "fields": {"created_at": "2023-07-27T15:13:11.625Z", "updated_at": "2023-07-27T15:13:11.625Z", "category_name": "Women Tops", "slug": "women-tops", "is_deleted": false}}, {"model": "store.category", "pk": "35e2218f-bbe8-4f1c-acbc-373bb171249a", "fields": {"created_at": "2023-08-03T15:55:28.312Z", "updated_at": "2023-08-03T15:55:28.312Z", "category_name": "T-shirts ", "slug": "t-shirts", "is_deleted": false}}, {"model": "store.category", "pk": "61c09bd3-9642-4285-aad5-1cd8d2bda2d0", "fields": {"created_at": "2023-07-27T15:32:51.330Z", "updated_at": "2023-07-27T15:32:51.330Z", "category_name": "Formal Trousers", "slug": "formal-trousers", "is_deleted": false}}, {"model": "store.category", "pk": "627e7eda-27ad-4534-82d0-682df61de946", "fields": {"created_at": "2023-07-27T15:31:20.263Z", "updated_at": "2023-07-27T15:31:20.263Z", "category_name": "Jeans", "slug": "jeans", "is_deleted": false}}, {"model": "store.category", "pk": "63100345-ea7b-4e19-8a42-c5e69b502a55", "fields": {"created_at": "2023-07-27T15:26:22.039Z", "updated_at": "2023-07-27T15:26:22.039Z", "category_name": "Kurta Sets & Salwar Suits", "slug": "kurta-sets-salwar-suits", "is_deleted": false}}, {"model": "store.category", "pk": "634b5b79-b275-4de3-b00b-8ca6bc9f1233", "fields": {"created_at": "2023-07-27T15:12:48.900Z", "updated_at": "2023-07-27T15:12:48.900Z", "category_name": "Men's Casual Shirts", "slug": "mens-casual-shirts", "is_deleted": false}}, {"model": "store.category", "pk": "74311136-06b8-4d74-913f-83143ec740db", "fields": {"created_at": "2023-07-27T15:31:44.824Z", "updated_at": "2023-07-27T15:31:44.824Z", "category_name": " Casual Trousers", "slug": "casual-trousers", "is_deleted": false}}, {"model": "store.category", "pk": "75825420-25a3-49d7-bd98-1b9caf08f392", "fields": {"created_at": "2023-07-27T15:16:18.834Z", "updated_at": "2023-07-27T15:16:18.834Z", "category_name": "Men's Readymade Blazers", "slug": "mens-readymade-blazers", "is_deleted": false}}, {"model": "store.category", "pk": "870ca5ee-c144-404c-a013-b0f978bcc63d", "fields": {"created_at": "2023-08-03T15:57:57.051Z", "updated_at": "2023-08-03T15:57:57.051Z", "category_name": "t shirt", "slug": "t-shirt", "is_deleted": false}}, {"model": "store.category", "pk": "b7debaa8-d549-41a9-909f-29c3a89b9cce", "fields": {"created_at": "2023-07-27T15:32:25.584Z", "updated_at": "2023-07-27T15:32:25.584Z", "category_name": "Suits, Blazers & Waistcoats", "slug": "suits-blazers-waistcoats", "is_deleted": false}}, {"model": "store.category", "pk": "cdb506a1-e2ed-47bf-bc47-37ad7e7b224f", "fields": {"created_at": "2023-07-27T15:13:01.481Z", "updated_at": "2023-07-27T15:13:01.482Z", "category_name": "Women T-shirts ", "slug": "women-t-shirts", "is_deleted": false}}, {"model": "store.products", "pk": "0a7656ca-59de-4c03-9e06-040696e961e4", "fields": {"created_at": "2023-07-27T16:05:38.082Z", "updated_at": "2023-07-27T15:24:14.038Z", "product_name": "Men's Readymade Party Blazer", "slug": "mens-readymade-party-blazer", "category": "75825420-25a3-49d7-bd98-1b9caf08f392", "price": 799, "product_description": "Lorem ipsum dolor sit amet, consectetur adipiscing elit, sed do eiusmod tempor incididunt ut labore et dolore magna aliqua. Ut enim ad minim veniam, quis nostrud exercitation ullamco laboris nisi ut aliquip ex ea commodo consequat.", "image": "01a54355-b591-45e9-a248-175f483369cf.jpg", "is_deleted": false, "in_store": true}}, {"model": "store.products", "pk": "1ceb2bd6-2a25-4ff8-8fd8-e60547aa2d05", "fields": {"created_at": "2023-07-27T15:36:57.259Z", "updated_at": "2023-07-27T15:14:58.667Z", "product_name": "Men's Colorblock Round Neck Cotton Blend Black, Black T-Shirtsss", "slug": "mens-colorblock-round-neck-cotton-blend-black-black-t-shirtsss", "category": "027d6f3a-9131-45ea-ac43-793d6568c034", "price": 399, "product_description": "Lorem ipsum dolor sit amet, consectetur adipiscing elit, sed do eiusmod tempor incididunt ut labore et dolore magna aliqua. ", "image": "05a5ad6f-6a04-4d4f-9bd1-16f3c3485ec5.jpg", "is_deleted": false, "in_store": true}}, {"model": "store.products", "pk": "3ca79883-3789-442a-bf9a-a95efa34a66e", "fields": {"created_at": "2023-07-29T03:43:11.086Z", "updated_at": "2023-07-27T15:27:47.541Z", "product_name": "Women Cotton Blend Ethnic Jacket and Kurta Set", "slug": "women-cotton-blend-ethnic-jacket-and-kurta-set", "category": "63100345-ea7b-4e19-8a42-c5e69b502a55", "price": 1400, "product_description": "Lorem ipsum dolor sit amet, consectetur adipiscing elit, sed do eiusmod tempor incididunt ut labore et dolore magna aliqua. Ut enim ad minim veniam, quis nostrud exercitation ullamco laboris nisi ut aliquip ex ea commodo consequat.", "image": "094ec540-c079-45ed-a685-479e9f617168.jpg", "is_deleted": false, "in_store": true}}, {"model": "store.products", "pk": "5e11b36e-e87d-4aa4-96ea-e0876e1cc401", "fields": {"created_at": "2023-08-04T08:02:08.090Z", "updated_at": "2023-07-27T15:17:46.399Z", "product_name": "Men Solid Single Breasted Casual Blazer", "slug": "men-solid-single-breasted-casual-blazer", "category": "75825420-25a3-49d7-bd98-1b9caf08f392", "price": 1599, "product_description": "Lorem ipsum dolor sit amet, consectetur adipiscing elit, sed do eiusmod tempor incididunt ut labore et dolore magna aliqua. Ut enim ad minim veniam, quis nostrud exercitation ullamco laboris nisi ut aliquip ex ea commodo consequat.", "image": "00b8048d-635e-4e56-b182-071fb24eea32.jpg", "is_deleted": false, "in_store": true}}, {"model": "store.products", "pk": "70cc61e3-30f1-4ace-aced-fab6959cbc1b", "fields": {"created_at": "2023-07-31T09:37:09.352Z", "updated_at": "2023-07-27T15:29:58.400Z", "product_name": "Men Solid Jacket", "slug": "men-solid-jacket", "category": "027d6f3a-9131-45ea-ac43-793d6568c034", "price": 400, "product_description": "Lorem ipsum dolor sit amet, consectetur adipiscing elit, sed do eiusmod tempor incididunt ut labore et dolore magna aliqua. Ut enim ad minim veniam, quis nostrud exercitation ullamco laboris nisi ut aliquip ex ea commodo consequat.", "image": "0a86d893-93f1-4a52-8c42-07bb9f439833.jpg", "is_deleted": false, "in_store": true}}, {"model": "store.products", "pk": "9aea8cc5-33e6-44b3-8643-e8a15211e6d9", "fields": {"created_at": "2023-07-27T16:04:28.821Z", "updated_at": "2023-07-27T15:22:34.716Z", "product_name": "Men Solid Biker/Riding Jacket", "slug": "men-solid-bikerriding-jacket", "category": "027d6f3a-9131-45ea-ac43-793d6568c034", "price": 399, "product_description": "Lorem ipsum dolor sit amet, consectetur adipiscing elit, sed do eiusmod tempor incididunt ut labore et dolore magna aliqua. Ut enim ad minim veniam, quis nostrud exercitation ullamco laboris nisi ut aliquip ex ea commodo consequat.", "image": "00bede7c-eae4-4ee9-a1ac-1721b3f94c54.jpg", "is_deleted": false, "in_store": true}}, {"model": "store.products", "pk": "ba69df4e-fac8-430b-8706-c72c7f234ef7", "fields": {"created_at": "2023-07-27T15:34:56.580Z", "updated_at": "2023-07-27T15:34:56.573Z", "product_name": "512 Men Regular Mid Rise Blue Jeans", "slug": "512-men-regular-mid-rise-blue-jeans", "category": "627e7eda-27ad-4534-82d0-682df61de946", "price": 1299, "product_description": "Lorem ipsum dolor sit amet, consectetur adipiscing elit, sed do eiusmod tempor incididunt ut labore et dolore magna aliqua. Ut enim ad minim veniam, quis nostrud exercitation ullamco laboris nisi ut aliquip ex ea commodo consequat.", "image": "08973288-3d8b-4c07-9f2d-ce1392da54be.jpg", "is_deleted": false, "in_store": false}}, {"model": "store.products", "pk": "bf610b0c-8c13-4d3f-a4fc-e0fd6f5a2a4f", "fields": {"created_at": "2023-07-27T16:04:25.868Z", "updated_at": "2023-07-27T15:21:35.749Z", "product_name": "Men Regular Fit Solid Spread Collar Formal Shirt", "slug": "men-regular-fit-solid-spread-collar-formal-shirt", "category": "291187ab-fcc9-45a5-9ac1-96f868c2d5a5", "price": 699, "product_description": "Lorem ipsum dolor sit amet, consectetur adipiscing elit, sed do eiusmod tempor incididunt ut labore et dolore magna aliqua. Ut enim ad minim veniam, quis nostrud exercitation ullamco laboris nisi ut aliquip ex ea commodo consequat.", "image": "01938e19-ece6-4f67-8e48-bfd6dd6ce399.jpg", "is_deleted": false, "in_store": true}}, {"model": "store.products", "pk": "d4415b33-c611-4141-9b49-1dfef8b62753", "fields": {"created_at": "2023-07-27T16:01:29.308Z", "updated_at": "2023-07-27T15:19:30.131Z", "product_name": "Women Printed Viscose Rayon A-line Kurta", "slug": "women-printed-viscose-rayon-a-line-kurta", "category": "2e97bb5f-d2f2-483d-a67f-012db0d47891", "price": 499, "product_description": "Lorem ipsum dolor sit amet, consectetur adipiscing elit, sed do eiusmod tempor incididunt ut labore et dolore magna aliqua. Ut enim ad minim veniam, quis nostrud exercitation ullamco laboris nisi ut aliquip ex ea commodo consequat.", "image": "0b546ee0-81f3-4d93-938d-34166d4194d7.jpg", "is_deleted": false, "in_store": true}}, {"model": "store.products", "pk": "dc7ffcb3-432b-49d2-b7b0-f180d4e3f13a", "fields": {"created_at": "2023-07-27T16:04:23.212Z", "updated_at": "2023-07-27T15:20:35.713Z", "product_name": "Pack of 2 Women Printed Crepe Straight Kurta", "slug": "pack-of-2-women-printed-crepe-straight-kurta", "category": "2e97bb5f-d2f2-483d-a67f-012db0d47891", "price": 399, "product_description": "Lorem ipsum dolor sit amet, consectetur adipiscing elit, sed do eiusmod tempor incididunt ut labore et dolore magna aliqua. Ut enim ad minim veniam, quis nostrud exercitation ullamco laboris nisi ut aliquip ex ea commodo consequat.", "image": "07bf93d6-850f-4309-ba86-52e2d1f5cce2.jpg", "is_deleted": false, "in_store": true}}, {"model": "store.colorvariant", "pk": "0e3e8ca8-8b1e-44fb-8f7e-0e3f9257da97", "fields": {"created_at": "2023-07-27T15:59:49.430Z", "updated_at": "2023-07-27T15:59:49.430Z", "product_id": "d4415b33-c611-4141-9b49-1dfef8b62753", "color": "Green"}}, {"model": "store.colorvariant", "pk": "35e269f4-3ac2-48b1-ad27-bf0e9ceb74fd", "fields": {"created_at": "2023-07-27T15:35:39.434Z", "updated_at": "2023-07-27T15:35:39.434Z", "product_id": "1ceb2bd6-2a25-4ff8-8fd8-e60547aa2d05", "color": "Blue"}}, {"model": "store.colorvariant", "pk": "4df23c1f-2745-4d87-8b2d-401e1fdad80d", "fields": {"created_at": "2023-07-27T16:03:49.779Z", "updated_at": "2023-07-27T16:03:49.779Z", "product_id": "9aea8cc5-33e6-44b3-8643-e8a15211e6d9", "color": "Red"}}, {"model": "store.colorvariant", "pk": "5d89433d-12fa-4cf3-89d8-2b954e758428", "fields": {"created_at": "2023-07-27T15:37:17.766Z", "updated_at": "2023-07-27T15:37:17.766Z", "product_id": "5e11b36e-e87d-4aa4-96ea-e0876e1cc401", "color": "Red"}}, {"model": "store.colorvariant", "pk": "8581f9f3-e282-4ab4-a2ed-d5d55607f434", "fields": {"created_at": "2023-07-31T09:36:35.998Z", "updated_at": "2023-07-31T09:36:35.998Z", "product_id": "70cc61e3-30f1-4ace-aced-fab6959cbc1b", "color": "Red"}}, {"model": "store.colorvariant", "pk": "87e155f1-9620-4ac8-ae30-e31fa782a5d7", "fields": {"created_at": "2023-07-31T09:36:54.579Z", "updated_at": "2023-07-31T09:36:54.579Z", "product_id": "70cc61e3-30f1-4ace-aced-fab6959cbc1b", "color": "Black"}}, {"model": "store.colorvariant", "pk": "9c7be559-c974-4fb4-b414-8f83beb9a148", "fields": {"created_at": "2023-07-27T16:02:58.639Z", "updated_at": "2023-07-27T16:02:58.639Z", "product_id": "bf610b0c-8c13-4d3f-a4fc-e0fd6f5a2a4f", "color": "White"}}, {"model": "store.colorvariant", "pk": "b752da6c-9d20-4c69-ae73-6c686d484343", "fields": {"created_at": "2023-07-27T16:05:18.557Z", "updated_at": "2023-07-27T16:05:18.557Z", "product_id": "0a7656ca-59de-4c03-9e06-040696e961e4", "color": "Red"}}, {"model": "store.colorvariant", "pk": "c822ccb9-36e8-446f-a328-aa94914d9ac7", "fields": {"created_at": "2023-07-27T16:02:06.839Z", "updated_at": "2023-07-27T16:02:06.839Z", "product_id": "dc7ffcb3-432b-49d2-b7b0-f180d4e3f13a", "color": "Red"}}, {"model": "store.colorvariant", "pk": "cffbf806-8845-4d3c-bfbe-374f1cadbbd9", "fields": {"created_at": "2023-07-27T15:35:31.356Z", "updated_at": "2023-07-27T15:35:31.356Z", "product_id": "1ceb2bd6-2a25-4ff8-8fd8-e60547aa2d05", "color": "Red"}}, {"model": "store.colorvariant", "pk": "dfea5fdb-dce2-401b-a450-6b3b4ae5f869", "fields": {"created_at": "2023-07-27T16:00:47.123Z", "updated_at": "2023-07-27T16:00:47.123Z", "product_id": "d4415b33-c611-4141-9b49-1dfef8b62753", "color": "Blue"}}, {"model": "store.colorvariant", "pk": "fcceeced-f88b-41de-b0c7-d20990664ac3", "fields": {"created_at": "2023-07-29T03:42:28.764Z", "updated_at": "2023-07-29T03:42:28.764Z", "product_id": "3ca79883-3789-442a-bf9a-a95efa34a66e", "color": "Red"}}, {"model": "store.sizevariant", "pk": "0c37889a-92a1-4ea8-826c-a7ea0dbab5fd", "fields": {"created_at": "2023-08-04T07:14:47.244Z", "updated_at": "2023-07-27T16:03:49.783Z", "product_id": "9aea8cc5-33e6-44b3-8643-e8a15211e6d9", "Color_id": "4df23c1f-2745-4d87-8b2d-401e1fdad80d", "size": "M", "price": 399, "stock": 12}}, {"model": "store.sizevariant", "pk": "17cd5209-b86e-4225-b729-b3eec4633861", "fields": {"created_at": "2023-07-27T16:00:47.131Z", "updated_at": "2023-07-27T16:00:47.131Z", "product_id": "d4415b33-c611-4141-9b49-1dfef8b62753", "Color_id": "dfea5fdb-dce2-401b-a450-6b3b4ae5f869", "size": "S", "price": 559, "stock": 10}}, {"model": "store.sizevariant", "pk": "19bd4d91-e106-4fb2-9844-b1f748aeac4e", "fields": {"created_at": "2023-07-31T08:39:29.640Z", "updated_at": "2023-07-27T16:02:06.847Z", "product_id": "dc7ffcb3-432b-49d2-b7b0-f180d4e3f13a", "Color_id": "c822ccb9-36e8-446f-a328-aa94914d9ac7", "size": "XS", "price": 399, "stock": 7}}, {"model": "store.sizevariant", "pk": "1e7c572b-d272-4cf3-b021-51ce05a56c98", "fields": {"created_at": "2023-07-27T16:00:47.135Z", "updated_at": "2023-07-27T16:00:47.135Z", "product_id": "d4415b33-c611-4141-9b49-1dfef8b62753", "Color_id": "dfea5fdb-dce2-401b-a450-6b3b4ae5f869", "size": "M", "price": 600, "stock": 10}}, {"model": "store.sizevariant", "pk": "1fecee03-48c9-40fb-8b13-2bb33b48a08b", "fields": {"created_at": "2023-08-03T12:53:36.307Z", "updated_at": "2023-07-27T16:00:10.024Z", "product_id": "d4415b33-c611-4141-9b49-1dfef8b62753", "Color_id": "0e3e8ca8-8b1e-44fb-8f7e-0e3f9257da97", "size": "S", "price": 559, "stock": 9}}, {"model": "store.sizevariant", "pk": "286b58b4-f937-41af-9f30-1fdc99a97d0d", "fields": {"created_at": "2023-08-04T04:54:01.012Z", "updated_at": "2023-07-29T03:42:28.768Z", "product_id": "3ca79883-3789-442a-bf9a-a95efa34a66e", "Color_id": "fcceeced-f88b-41de-b0c7-d20990664ac3", "size": "XS", "price": 299, "stock": 7}}, {"model": "store.sizevariant", "pk": "37ebf1bb-29fc-492f-a463-bde09516a043", "fields": {"created_at": "2023-07-29T03:42:28.772Z", "updated_at": "2023-07-29T03:42:28.772Z", "product_id": "3ca79883-3789-442a-bf9a-a95efa34a66e", "Color_id": "fcceeced-f88b-41de-b0c7-d20990664ac3", "size": "S", "price": 399, "stock": 10}}, {"model": "store.sizevariant", "pk": "3cf24d44-c2e8-4768-9366-944c178522f7", "fields": {"created_at": "2023-08-02T07:26:15.142Z", "updated_at": "2023-07-27T16:05:18.566Z", "product_id": "0a7656ca-59de-4c03-9e06-040696e961e4", "Color_id": "b752da6c-9d20-4c69-ae73-6c686d484343", "size": "S", "price": 829, "stock": 9}}, {"model": "store.sizevariant", "pk": "3efe90e0-10e8-403f-864b-b4f254466d86", "fields": {"created_at": "2023-08-04T03:51:51.609Z", "updated_at": "2023-07-27T15:35:39.438Z", "product_id": "1ceb2bd6-2a25-4ff8-8fd8-e60547aa2d05", "Color_id": "35e269f4-3ac2-48b1-ad27-bf0e9ceb74fd", "size": "XS", "price": 399, "stock": 15}}, {"model": "store.sizevariant", "pk": "3f0815e3-eda2-4fc8-8cd4-b3d30bf54f74", "fields": {"created_at": "2023-07-27T16:02:58.652Z", "updated_at": "2023-07-27T16:02:58.652Z", "product_id": "bf610b0c-8c13-4d3f-a4fc-e0fd6f5a2a4f", "Color_id": "9c7be559-c974-4fb4-b414-8f83beb9a148", "size": "M", "price": 800, "stock": 10}}, {"model": "store.sizevariant", "pk": "615e9def-63aa-427a-828e-5a8615f98d94", "fields": {"created_at": "2023-08-04T03:52:15.108Z", "updated_at": "2023-07-27T15:59:49.434Z", "product_id": "d4415b33-c611-4141-9b49-1dfef8b62753", "Color_id": "0e3e8ca8-8b1e-44fb-8f7e-0e3f9257da97", "size": "XS", "price": 499, "stock": 20}}, {"model": "store.sizevariant", "pk": "66c0828d-80c9-4375-8606-61febf76e57a", "fields": {"created_at": "2023-08-02T10:05:53.716Z", "updated_at": "2023-07-31T09:36:54.582Z", "product_id": "70cc61e3-30f1-4ace-aced-fab6959cbc1b", "Color_id": "87e155f1-9620-4ac8-ae30-e31fa782a5d7", "size": "XS", "price": 399, "stock": 20}}, {"model": "store.sizevariant", "pk": "6acc3afa-b348-42b8-8dd3-3dd94794c7b2", "fields": {"created_at": "2023-07-31T09:36:54.586Z", "updated_at": "2023-07-31T09:36:54.586Z", "product_id": "70cc61e3-30f1-4ace-aced-fab6959cbc1b", "Color_id": "87e155f1-9620-4ac8-ae30-e31fa782a5d7", "size": "S", "price": 399, "stock": 20}}, {"model": "store.sizevariant", "pk": "6d613d65-4378-430c-acd5-02cc9d8984d6", "fields": {"created_at": "2023-07-31T09:36:36.007Z", "updated_at": "2023-07-31T09:36:36.007Z", "product_id": "70cc61e3-30f1-4ace-aced-fab6959cbc1b", "Color_id": "8581f9f3-e282-4ab4-a2ed-d5d55607f434", "size": "S", "price": 399, "stock": 20}}, {"model": "store.sizevariant", "pk": "74a6deaa-5e96-491f-9309-f7e86fd9e5bb", "fields": {"created_at": "2023-08-04T16:16:17.536Z", "updated_at": "2023-07-27T15:35:31.363Z", "product_id": "1ceb2bd6-2a25-4ff8-8fd8-e60547aa2d05", "Color_id": "cffbf806-8845-4d3c-bfbe-374f1cadbbd9", "size": "XS", "price": 399, "stock": 9}}, {"model": "store.sizevariant", "pk": "928b7ec5-3588-4520-886b-54ac1487d927", "fields": {"created_at": "2023-07-28T19:55:26.656Z", "updated_at": "2023-07-27T16:02:58.644Z", "product_id": "bf610b0c-8c13-4d3f-a4fc-e0fd6f5a2a4f", "Color_id": "9c7be559-c974-4fb4-b414-8f83beb9a148", "size": "XS", "price": 699, "stock": 7}}, {"model": "store.sizevariant", "pk": "b05b1d1f-165c-4dbd-9c43-d91c3723abb4", "fields": {"created_at": "2023-08-04T03:52:00.825Z", "updated_at": "2023-07-27T15:37:17.769Z", "product_id": "5e11b36e-e87d-4aa4-96ea-e0876e1cc401", "Color_id": "5d89433d-12fa-4cf3-89d8-2b954e758428", "size": "XS", "price": 1599, "stock": 20}}, {"model": "store.sizevariant", "pk": "c595ce49-e1d6-4912-a452-7e4cd755f180", "fields": {"created_at": "2023-07-27T16:00:47.126Z", "updated_at": "2023-07-27T16:00:47.126Z", "product_id": "d4415b33-c611-4141-9b49-1dfef8b62753", "Color_id": "dfea5fdb-dce2-401b-a450-6b3b4ae5f869", "size": "XS", "price": 499, "stock": 10}}, {"model": "store.sizevariant", "pk": "d6d4cab4-7d2c-4b3f-a782-3a5fad08695c", "fields": {"created_at": "2023-08-02T11:53:21.673Z", "updated_at": "2023-07-31T09:36:36.002Z", "product_id": "70cc61e3-30f1-4ace-aced-fab6959cbc1b", "Color_id": "8581f9f3-e282-4ab4-a2ed-d5d55607f434", "size": "XS", "price": 399, "stock": 15}}, {"model": "store.sizevariant", "pk": "dc66f332-57ee-4bed-9ef3-1a053c9ed89d", "fields": {"created_at": "2023-08-04T07:15:09.748Z", "updated_at": "2023-07-27T16:05:18.562Z", "product_id": "0a7656ca-59de-4c03-9e06-040696e961e4", "Color_id": "b752da6c-9d20-4c69-ae73-6c686d484343", "size": "XS", "price": 799, "stock": 6}}, {"model": "store.sizevariant", "pk": "e04bf195-1285-4491-948a-38e0cd0b9335", "fields": {"created_at": "2023-08-02T07:29:09.774Z", "updated_at": "2023-07-27T15:36:03.676Z", "product_id": "1ceb2bd6-2a25-4ff8-8fd8-e60547aa2d05", "Color_id": "cffbf806-8845-4d3c-bfbe-374f1cadbbd9", "size": "S", "price": 459, "stock": 8}}, {"model": "store.sizevariant", "pk": "e56fd063-5c61-4c99-a272-9fa00fb9e99e", "fields": {"created_at": "2023-07-27T16:02:58.649Z", "updated_at": "2023-07-27T16:02:58.649Z", "product_id": "bf610b0c-8c13-4d3f-a4fc-e0fd6f5a2a4f", "Color_id": "9c7be559-c974-4fb4-b414-8f83beb9a148", "size": "S", "price": 759, "stock": 10}}, {"model": "store.sizevariant", "pk": "f9dd8dbf-a9a3-4497-91de-6d999ff3504d", "fields": {"created_at": "2023-08-04T08:20:34.964Z", "updated_at": "2023-07-27T16:02:06.850Z", "product_id": "dc7ffcb3-432b-49d2-b7b0-f180d4e3f13a", "Color_id": "c822ccb9-36e8-446f-a328-aa94914d9ac7", "size": "S", "price": 440, "stock": 0}}, {"model": "store.productimage", "pk": "0a77d0ee-2edc-4d73-8ecf-953e62836301", "fields": {"created_at": "2023-07-27T15:36:47.209Z", "updated_at": "2023-07-27T15:36:47.209Z", "product": "1ceb2bd6-2a25-4ff8-8fd8-e60547aa2d05", "Color_id": "35e269f4-3ac2-48b1-ad27-bf0e9ceb74fd", "image": "products/00b8048d-635e-4e56-b182-071fb24eea32_SXFw6e0.jpg"}}, {"model": "store.productimage", "pk": "0b0002ff-cc96-47e2-9cac-242db682c8ec", "fields": {"created_at": "2023-07-27T15:36:27.903Z", "updated_at": "2023-07-27T15:36:27.903Z", "product": "1ceb2bd6-2a25-4ff8-8fd8-e60547aa2d05", "Color_id": "cffbf806-8845-4d3c-bfbe-374f1cadbbd9", "image": "products/000d31f6-44b5-4758-8d86-c4fcfb234392_uQ6Himo.jpg"}}, {"model": "store.productimage", "pk": "0fddf2a3-a953-486f-bd10-1e6331ee3819", "fields": {"created_at": "2023-07-27T16:05:31.408Z", "updated_at": "2023-07-27T16:05:31.408Z", "product": "0a7656ca-59de-4c03-9e06-040696e961e4", "Color_id": "b752da6c-9d20-4c69-ae73-6c686d484343", "image": "products/0a77dbed-06fb-4ba7-b1e3-24f3a41498bc_Z06tVhb.jpg"}}, {"model": "store.productimage", "pk": "1202ac95-f33c-4041-bb80-b706691db242", "fields": {"created_at": "2023-07-27T16:03:17.579Z", "updated_at": "2023-07-27T16:03:17.579Z", "product": "bf610b0c-8c13-4d3f-a4fc-e0fd6f5a2a4f", "Color_id": "9c7be559-c974-4fb4-b414-8f83beb9a148", "image": "products/00d9cc6e-2564-4813-9d68-4bc4d562107b_4Li9xMg.jpg"}}, {"model": "store.productimage", "pk": "15c170ab-90fd-4d24-b9b4-21418d413af7", "fields": {"created_at": "2023-07-27T15:37:27.330Z", "updated_at": "2023-07-27T15:37:27.330Z", "product": "5e11b36e-e87d-4aa4-96ea-e0876e1cc401", "Color_id": "5d89433d-12fa-4cf3-89d8-2b954e758428", "image": "products/000d31f6-44b5-4758-8d86-c4fcfb234392_MAyJ9jO.jpg"}}, {"model": "store.productimage", "pk": "19ee4197-e80a-4102-a493-42706796ccf3", "fields": {"created_at": "2023-07-27T16:05:31.215Z", "updated_at": "2023-07-27T16:05:31.215Z", "product": "0a7656ca-59de-4c03-9e06-040696e961e4", "Color_id": "b752da6c-9d20-4c69-ae73-6c686d484343", "image": "products/000d31f6-44b5-4758-8d86-c4fcfb234392_6dAVMqk.jpg"}}, {"model": "store.productimage", "pk": "1b704d48-22ea-4164-80b7-08038234412d", "fields": {"created_at": "2023-07-29T03:42:40.471Z", "updated_at": "2023-07-29T03:42:40.471Z", "product": "3ca79883-3789-442a-bf9a-a95efa34a66e", "Color_id": "fcceeced-f88b-41de-b0c7-d20990664ac3", "image": "products/000d31f6-44b5-4758-8d86-c4fcfb234392_zIKPJZy.jpg"}}, {"model": "store.productimage", "pk": "2b4f5126-b7b7-45ef-8bc9-5f0410fa0084", "fields": {"created_at": "2023-07-27T16:04:06.018Z", "updated_at": "2023-07-27T16:04:06.018Z", "product": "9aea8cc5-33e6-44b3-8643-e8a15211e6d9", "Color_id": "4df23c1f-2745-4d87-8b2d-401e1fdad80d", "image": "products/000d31f6-44b5-4758-8d86-c4fcfb234392_iV4wFHZ.jpg"}}, {"model": "store.productimage", "pk": "2c2c7073-2234-4314-8010-3852e77fd6c9", "fields": {"created_at": "2023-07-27T15:36:28.104Z", "updated_at": "2023-07-27T15:36:28.104Z", "product": "1ceb2bd6-2a25-4ff8-8fd8-e60547aa2d05", "Color_id": "cffbf806-8845-4d3c-bfbe-374f1cadbbd9", "image": "products/0a86d893-93f1-4a52-8c42-07bb9f439833.jpg"}}, {"model": "store.productimage", "pk": "2c2f55ca-ce06-4c9c-8877-31a930b1bdf0", "fields": {"created_at": "2023-07-27T16:03:17.623Z", "updated_at": "2023-07-27T16:03:17.623Z", "product": "bf610b0c-8c13-4d3f-a4fc-e0fd6f5a2a4f", "Color_id": "9c7be559-c974-4fb4-b414-8f83beb9a148", "image": "products/00e745c9-97d9-429d-8c3f-d3db7a2d2991_dtjhpqK.jpg"}}, {"model": "store.productimage", "pk": "2cbbf9be-6567-4dc4-acf5-b493d3170314", "fields": {"created_at": "2023-07-27T15:36:27.940Z", "updated_at": "2023-07-27T15:36:27.941Z", "product": "1ceb2bd6-2a25-4ff8-8fd8-e60547aa2d05", "Color_id": "cffbf806-8845-4d3c-bfbe-374f1cadbbd9", "image": "products/00a1b7a8-217d-45bf-93a8-86db0bdf9d9d_gdzQXO7.jpg"}}, {"model": "store.productimage", "pk": "33092861-3990-40ea-aba0-8739008f85c3", "fields": {"created_at": "2023-07-27T16:04:06.212Z", "updated_at": "2023-07-27T16:04:06.212Z", "product": "9aea8cc5-33e6-44b3-8643-e8a15211e6d9", "Color_id": "4df23c1f-2745-4d87-8b2d-401e1fdad80d", "image": "products/0a77dbed-06fb-4ba7-b1e3-24f3a41498bc.jpg"}}, {"model": "store.productimage", "pk": "35ca37e9-09a0-482b-87b9-69fe30b81e29", "fields": {"created_at": "2023-07-27T16:05:31.376Z", "updated_at": "2023-07-27T16:05:31.376Z", "product": "0a7656ca-59de-4c03-9e06-040696e961e4", "Color_id": "b752da6c-9d20-4c69-ae73-6c686d484343", "image": "products/00e745c9-97d9-429d-8c3f-d3db7a2d2991_o7DDbOx.jpg"}}, {"model": "store.productimage", "pk": "3946520d-6c55-405d-a2c6-61a0891c5816", "fields": {"created_at": "2023-07-27T16:01:01.516Z", "updated_at": "2023-07-27T16:01:01.516Z", "product": "d4415b33-c611-4141-9b49-1dfef8b62753", "Color_id": "0e3e8ca8-8b1e-44fb-8f7e-0e3f9257da97", "image": "products/00e745c9-97d9-429d-8c3f-d3db7a2d2991_uF3VB5v.jpg"}}, {"model": "store.productimage", "pk": "39de25ea-b27b-48eb-ac47-aaa7e6778b48", "fields": {"created_at": "2023-07-27T15:36:27.982Z", "updated_at": "2023-07-27T15:36:27.982Z", "product": "1ceb2bd6-2a25-4ff8-8fd8-e60547aa2d05", "Color_id": "cffbf806-8845-4d3c-bfbe-374f1cadbbd9", "image": "products/00b8048d-635e-4e56-b182-071fb24eea32_8qdX7Pw.jpg"}}, {"model": "store.productimage", "pk": "3c322599-1212-419e-a38b-f90b4f256bf5", "fields": {"created_at": "2023-07-31T09:37:03.125Z", "updated_at": "2023-07-31T09:37:03.125Z", "product": "70cc61e3-30f1-4ace-aced-fab6959cbc1b", "Color_id": "8581f9f3-e282-4ab4-a2ed-d5d55607f434", "image": "products/00ac820c-c5f3-48c1-a4b3-a8b66b06a1aa_1KMZlen.jpg"}}, {"model": "store.productimage", "pk": "4154fec7-d37f-464f-a7d0-70302896760e", "fields": {"created_at": "2023-07-27T15:37:27.372Z", "updated_at": "2023-07-27T15:37:27.372Z", "product": "5e11b36e-e87d-4aa4-96ea-e0876e1cc401", "Color_id": "5d89433d-12fa-4cf3-89d8-2b954e758428", "image": "products/00d9cc6e-2564-4813-9d68-4bc4d562107b_DbISawT.jpg"}}, {"model": "store.productimage", "pk": "41c7c688-3273-4693-b7ec-5cca12edcb83", "fields": {"created_at": "2023-07-27T16:04:06.253Z", "updated_at": "2023-07-27T16:04:06.253Z", "product": "9aea8cc5-33e6-44b3-8643-e8a15211e6d9", "Color_id": "4df23c1f-2745-4d87-8b2d-401e1fdad80d", "image": "products/0a86d893-93f1-4a52-8c42-07bb9f439833_wtbU9qB.jpg"}}, {"model": "store.productimage", "pk": "425e08ed-ebdc-4adb-bd50-89678ccffde4", "fields": {"created_at": "2023-07-27T16:02:14.748Z", "updated_at": "2023-07-27T16:02:14.748Z", "product": "dc7ffcb3-432b-49d2-b7b0-f180d4e3f13a", "Color_id": "c822ccb9-36e8-446f-a328-aa94914d9ac7", "image": "products/00d9cc6e-2564-4813-9d68-4bc4d562107b_qhFe6Os.jpg"}}, {"model": "store.productimage", "pk": "438e8921-546d-4caf-8802-4478c578715d", "fields": {"created_at": "2023-07-27T16:05:31.288Z", "updated_at": "2023-07-27T16:05:31.288Z", "product": "0a7656ca-59de-4c03-9e06-040696e961e4", "Color_id": "b752da6c-9d20-4c69-ae73-6c686d484343", "image": "products/00b8048d-635e-4e56-b182-071fb24eea32_4Lk7j5I.jpg"}}, {"model": "store.productimage", "pk": "485cd7ba-848a-4866-bf4c-d0f7b883aa60", "fields": {"created_at": "2023-07-29T03:42:40.506Z", "updated_at": "2023-07-29T03:42:40.506Z", "product": "3ca79883-3789-442a-bf9a-a95efa34a66e", "Color_id": "fcceeced-f88b-41de-b0c7-d20990664ac3", "image": "products/00a1b7a8-217d-45bf-93a8-86db0bdf9d9d_XebwMEH.jpg"}}, {"model": "store.productimage", "pk": "49ae5f67-14bf-4e05-bf0b-f590aa267d5e", "fields": {"created_at": "2023-07-27T16:01:01.427Z", "updated_at": "2023-07-27T16:01:01.427Z", "product": "d4415b33-c611-4141-9b49-1dfef8b62753", "Color_id": "0e3e8ca8-8b1e-44fb-8f7e-0e3f9257da97", "image": "products/00a1b7a8-217d-45bf-93a8-86db0bdf9d9d_nxLjYw3.jpg"}}, {"model": "store.productimage", "pk": "51f7374e-3f16-465f-9922-591e83c7e127", "fields": {"created_at": "2023-07-27T16:01:01.398Z", "updated_at": "2023-07-27T16:01:01.398Z", "product": "d4415b33-c611-4141-9b49-1dfef8b62753", "Color_id": "0e3e8ca8-8b1e-44fb-8f7e-0e3f9257da97", "image": "products/000d31f6-44b5-4758-8d86-c4fcfb234392_Sq0Txfz.jpg"}}, {"model": "store.productimage", "pk": "573311f8-113c-4233-b15f-ddaad651a1ec", "fields": {"created_at": "2023-07-27T15:36:28.024Z", "updated_at": "2023-07-27T15:36:28.024Z", "product": "1ceb2bd6-2a25-4ff8-8fd8-e60547aa2d05", "Color_id": "cffbf806-8845-4d3c-bfbe-374f1cadbbd9", "image": "products/00d9cc6e-2564-4813-9d68-4bc4d562107b.jpg"}}, {"model": "store.productimage", "pk": "5f33221d-ee36-418e-8bf2-c64455fb89bc", "fields": {"created_at": "2023-07-27T16:01:18.900Z", "updated_at": "2023-07-27T16:01:18.900Z", "product": "d4415b33-c611-4141-9b49-1dfef8b62753", "Color_id": "dfea5fdb-dce2-401b-a450-6b3b4ae5f869", "image": "products/00a1b7a8-217d-45bf-93a8-86db0bdf9d9d_H0kpMk7.jpg"}}, {"model": "store.productimage", "pk": "6325f926-ec83-4ab7-becb-9926e4891cfd", "fields": {"created_at": "2023-07-27T16:02:14.695Z", "updated_at": "2023-07-27T16:02:14.695Z", "product": "dc7ffcb3-432b-49d2-b7b0-f180d4e3f13a", "Color_id": "c822ccb9-36e8-446f-a328-aa94914d9ac7", "image": "products/000d31f6-44b5-4758-8d86-c4fcfb234392_qJEdYt1.jpg"}}, {"model": "store.productimage", "pk": "67e91208-e1da-46dc-8eec-e43724b04822", "fields": {"created_at": "2023-07-27T16:01:01.470Z", "updated_at": "2023-07-27T16:01:01.470Z", "product": "d4415b33-c611-4141-9b49-1dfef8b62753", "Color_id": "0e3e8ca8-8b1e-44fb-8f7e-0e3f9257da97", "image": "products/00b8048d-635e-4e56-b182-071fb24eea32_xxQpLmu.jpg"}}, {"model": "store.productimage", "pk": "68e9d73b-5380-4e02-9c89-de8ee643ea19", "fields": {"created_at": "2023-07-27T16:01:18.987Z", "updated_at": "2023-07-27T16:01:18.987Z", "product": "d4415b33-c611-4141-9b49-1dfef8b62753", "Color_id": "dfea5fdb-dce2-401b-a450-6b3b4ae5f869", "image": "products/00e745c9-97d9-429d-8c3f-d3db7a2d2991_EhJrFDC.jpg"}}, {"model": "store.productimage", "pk": "7274af0d-4270-41d6-a816-d1fa670e3ed2", "fields": {"created_at": "2023-07-29T03:42:40.544Z", "updated_at": "2023-07-29T03:42:40.544Z", "product": "3ca79883-3789-442a-bf9a-a95efa34a66e", "Color_id": "fcceeced-f88b-41de-b0c7-d20990664ac3", "image": "products/00ac820c-c5f3-48c1-a4b3-a8b66b06a1aa_SOS6Ygv.jpg"}}, {"model": "store.productimage", "pk": "7b4e8e89-3f87-4f3e-bf0e-e91bf997ab3d", "fields": {"created_at": "2023-07-27T16:04:06.180Z", "updated_at": "2023-07-27T16:04:06.180Z", "product": "9aea8cc5-33e6-44b3-8643-e8a15211e6d9", "Color_id": "4df23c1f-2745-4d87-8b2d-401e1fdad80d", "image": "products/00e745c9-97d9-429d-8c3f-d3db7a2d2991_VYnOLcx.jpg"}}, {"model": "store.productimage", "pk": "82bf5d00-5978-4bad-b3d2-7dfc75789606", "fields": {"created_at": "2023-07-27T16:04:06.135Z", "updated_at": "2023-07-27T16:04:06.135Z", "product": "9aea8cc5-33e6-44b3-8643-e8a15211e6d9", "Color_id": "4df23c1f-2745-4d87-8b2d-401e1fdad80d", "image": "products/00d9cc6e-2564-4813-9d68-4bc4d562107b_bfSNwwk.jpg"}}, {"model": "store.productimage", "pk": "833a2c1e-b76f-4ea7-a2e2-a411d29d7b35", "fields": {"created_at": "2023-07-27T16:01:18.944Z", "updated_at": "2023-07-27T16:01:18.944Z", "product": "d4415b33-c611-4141-9b49-1dfef8b62753", "Color_id": "dfea5fdb-dce2-401b-a450-6b3b4ae5f869", "image": "products/00b8048d-635e-4e56-b182-071fb24eea32_xCkCMlL.jpg"}}, {"model": "store.productimage", "pk": "838c569a-c866-4054-9cb1-3eaf990972da", "fields": {"created_at": "2023-07-31T09:37:03.170Z", "updated_at": "2023-07-31T09:37:03.170Z", "product": "70cc61e3-30f1-4ace-aced-fab6959cbc1b", "Color_id": "8581f9f3-e282-4ab4-a2ed-d5d55607f434", "image": "products/00b8048d-635e-4e56-b182-071fb24eea32_DwNkiMu.jpg"}}, {"model": "store.productimage", "pk": "85b2b6b2-0946-4c74-a401-0afe5f767854", "fields": {"created_at": "2023-07-27T16:01:18.872Z", "updated_at": "2023-07-27T16:01:18.872Z", "product": "d4415b33-c611-4141-9b49-1dfef8b62753", "Color_id": "dfea5fdb-dce2-401b-a450-6b3b4ae5f869", "image": "products/000d31f6-44b5-4758-8d86-c4fcfb234392_LMD0DzF.jpg"}}, {"model": "store.productimage", "pk": "8c7a5bb7-9ccb-4ec4-a276-f5e3a0dca5b0", "fields": {"created_at": "2023-07-27T15:36:47.136Z", "updated_at": "2023-07-27T15:36:47.136Z", "product": "1ceb2bd6-2a25-4ff8-8fd8-e60547aa2d05", "Color_id": "35e269f4-3ac2-48b1-ad27-bf0e9ceb74fd", "image": "products/000d31f6-44b5-4758-8d86-c4fcfb234392_2awXthM.jpg"}}, {"model": "store.productimage", "pk": "92f5e1bf-cd34-4ff2-aadc-9a8e2efc3fe9", "fields": {"created_at": "2023-07-27T16:03:17.536Z", "updated_at": "2023-07-27T16:03:17.536Z", "product": "bf610b0c-8c13-4d3f-a4fc-e0fd6f5a2a4f", "Color_id": "9c7be559-c974-4fb4-b414-8f83beb9a148", "image": "products/00b8048d-635e-4e56-b182-071fb24eea32_65lqWXa.jpg"}}, {"model": "store.productimage", "pk": "96295362-c8d9-48f5-9716-3341b64af01b", "fields": {"created_at": "2023-07-27T16:05:31.435Z", "updated_at": "2023-07-27T16:05:31.435Z", "product": "0a7656ca-59de-4c03-9e06-040696e961e4", "Color_id": "b752da6c-9d20-4c69-ae73-6c686d484343", "image": "products/0a85a584-cb49-4795-b2f1-7eebbf09399a.jpg"}}, {"model": "store.productimage", "pk": "9e89b7ab-fd36-42e8-a0a5-4d584b36d69f", "fields": {"created_at": "2023-07-27T16:03:17.488Z", "updated_at": "2023-07-27T16:03:17.488Z", "product": "bf610b0c-8c13-4d3f-a4fc-e0fd6f5a2a4f", "Color_id": "9c7be559-c974-4fb4-b414-8f83beb9a148", "image": "products/000d31f6-44b5-4758-8d86-c4fcfb234392_jmgZzGh.jpg"}}, {"model": "store.productimage", "pk": "a3b1f910-3d9f-47c5-a839-98e6434969a7", "fields": {"created_at": "2023-07-31T09:37:03.093Z", "updated_at": "2023-07-31T09:37:03.093Z", "product": "70cc61e3-30f1-4ace-aced-fab6959cbc1b", "Color_id": "8581f9f3-e282-4ab4-a2ed-d5d55607f434", "image": "products/00a1b7a8-217d-45bf-93a8-86db0bdf9d9d_z12HcN1.jpg"}}, {"model": "store.productimage", "pk": "acdf797d-3505-47e8-8f96-baa5cfb65e64", "fields": {"created_at": "2023-07-27T16:04:06.093Z", "updated_at": "2023-07-27T16:04:06.093Z", "product": "9aea8cc5-33e6-44b3-8643-e8a15211e6d9", "Color_id": "4df23c1f-2745-4d87-8b2d-401e1fdad80d", "image": "products/00b8048d-635e-4e56-b182-071fb24eea32_ubWU3D1.jpg"}}, {"model": "store.productimage", "pk": "bc68cc47-8750-4a5f-8a3a-59abcf2cb0d5", "fields": {"created_at": "2023-07-27T15:36:47.166Z", "updated_at": "2023-07-27T15:36:47.166Z", "product": "1ceb2bd6-2a25-4ff8-8fd8-e60547aa2d05", "Color_id": "35e269f4-3ac2-48b1-ad27-bf0e9ceb74fd", "image": "products/00a1b7a8-217d-45bf-93a8-86db0bdf9d9d_AFyNIkc.jpg"}}, {"model": "store.productimage", "pk": "c2fd5393-e925-4a29-b4e9-5cea9f1a2931", "fields": {"created_at": "2023-07-31T09:37:03.060Z", "updated_at": "2023-07-31T09:37:03.060Z", "product": "70cc61e3-30f1-4ace-aced-fab6959cbc1b", "Color_id": "8581f9f3-e282-4ab4-a2ed-d5d55607f434", "image": "products/000d31f6-44b5-4758-8d86-c4fcfb234392_tD3aW9r.jpg"}}, {"model": "store.productimage", "pk": "c3541d07-1495-4a18-b64d-170281f68300", "fields": {"created_at": "2023-07-27T16:05:31.333Z", "updated_at": "2023-07-27T16:05:31.333Z", "product": "0a7656ca-59de-4c03-9e06-040696e961e4", "Color_id": "b752da6c-9d20-4c69-ae73-6c686d484343", "image": "products/00d9cc6e-2564-4813-9d68-4bc4d562107b_YGFYCUk.jpg"}}, {"model": "store.productimage", "pk": "ce4725ff-47b6-4e0f-96b3-445699936db7", "fields": {"created_at": "2023-07-27T16:04:06.048Z", "updated_at": "2023-07-27T16:04:06.049Z", "product": "9aea8cc5-33e6-44b3-8643-e8a15211e6d9", "Color_id": "4df23c1f-2745-4d87-8b2d-401e1fdad80d", "image": "products/00a1b7a8-217d-45bf-93a8-86db0bdf9d9d_e7jGAn1.jpg"}}, {"model": "store.productimage", "pk": "d0199766-f53b-4c5f-8098-8c5eb99f2688", "fields": {"created_at": "2023-07-29T03:42:40.591Z", "updated_at": "2023-07-29T03:42:40.591Z", "product": "3ca79883-3789-442a-bf9a-a95efa34a66e", "Color_id": "fcceeced-f88b-41de-b0c7-d20990664ac3", "image": "products/00b8048d-635e-4e56-b182-071fb24eea32_5FgKFUc.jpg"}}, {"model": "store.productimage", "pk": "d02687e8-e5fe-44e6-8e39-e6199f0581b9", "fields": {"created_at": "2023-07-27T16:02:14.794Z", "updated_at": "2023-07-27T16:02:14.794Z", "product": "dc7ffcb3-432b-49d2-b7b0-f180d4e3f13a", "Color_id": "c822ccb9-36e8-446f-a328-aa94914d9ac7", "image": "products/00e745c9-97d9-429d-8c3f-d3db7a2d2991_PYOEI6t.jpg"}}, {"model": "store.productimage", "pk": "d16c454d-e06c-404d-806c-1e85aa8a4869", "fields": {"created_at": "2023-07-27T15:36:47.252Z", "updated_at": "2023-07-27T15:36:47.252Z", "product": "1ceb2bd6-2a25-4ff8-8fd8-e60547aa2d05", "Color_id": "35e269f4-3ac2-48b1-ad27-bf0e9ceb74fd", "image": "products/00d9cc6e-2564-4813-9d68-4bc4d562107b_GulflOD.jpg"}}, {"model": "store.productimage", "pk": "e135259a-740c-469b-89eb-9b2a449535d2", "fields": {"created_at": "2023-07-27T15:36:28.065Z", "updated_at": "2023-07-27T15:36:28.066Z", "product": "1ceb2bd6-2a25-4ff8-8fd8-e60547aa2d05", "Color_id": "cffbf806-8845-4d3c-bfbe-374f1cadbbd9", "image": "products/00e745c9-97d9-429d-8c3f-d3db7a2d2991.jpg"}}, {"model": "store.productimage", "pk": "f5b04363-5de2-4ae3-8ae6-0306d8340f23", "fields": {"created_at": "2023-07-27T16:05:31.245Z", "updated_at": "2023-07-27T16:05:31.245Z", "product": "0a7656ca-59de-4c03-9e06-040696e961e4", "Color_id": "b752da6c-9d20-4c69-ae73-6c686d484343", "image": "products/00a1b7a8-217d-45bf-93a8-86db0bdf9d9d_sICtvOp.jpg"}}, {"model": "store.payment", "pk": 1, "fields": {"user": 2, "payment_id": "", "order_number": "", "payment_method": "cod", "amount_payed": "", "status": "", "created_at": "2023-07-27T16:43:49.419Z"}}, {"model": "store.payment", "pk": 2, "fields": {"user": 2, "payment_id": "44H156373U160610P", "order_number": "202307271", "payment_method": "PayPal", "amount_payed": "", "status": "COMPLETED", "created_at": "2023-07-27T16:44:19.366Z"}}, {"model": "store.payment", "pk": 3, "fields": {"user": 2, "payment_id": "", "order_number": "", "payment_method": "cod", "amount_payed": "", "status": "", "created_at": "2023-07-28T01:16:35.397Z"}}, {"model": "store.payment", "pk": 4, "fields": {"user": 2, "payment_id": "0TV762604E0125251", "order_number": "202307282", "payment_method": "PayPal", "amount_payed": "", "status": "COMPLETED", "created_at": "2023-07-28T01:17:13.889Z"}}, {"model": "store.payment", "pk": 5, "fields": {"user": 2, "payment_id": "", "order_number": "", "payment_method": "cod", "amount_payed": "", "status": "", "created_at": "2023-07-28T04:50:22.795Z"}}, {"model": "store.payment", "pk": 6, "fields": {"user": 2, "payment_id": "", "order_number": "", "payment_method": "cod", "amount_payed": "", "status": "", "created_at": "2023-07-28T04:50:48.265Z"}}, {"model": "store.payment", "pk": 7, "fields": {"user": 2, "payment_id": "", "order_number": "", "payment_method": "cod", "amount_payed": "", "status": "", "created_at": "2023-07-28T04:51:45.726Z"}}, {"model": "store.payment", "pk": 8, "fields": {"user": 2, "payment_id": "", "order_number": "", "payment_method": "cod", "amount_payed": "", "status": "", "created_at": "2023-07-28T04:52:18.539Z"}}, {"model": "store.payment", "pk": 9, "fields": {"user": 2, "payment_id": "", "order_number": "", "payment_method": "cod", "amount_payed": "", "status": "", "created_at": "2023-07-28T04:52:21.444Z"}}, {"model": "store.payment", "pk": 10, "fields": {"user": 2, "payment_id": "", "order_number": "", "payment_method": "cod", "amount_payed": "", "status": "", "created_at": "2023-07-28T04:57:30.900Z"}}, {"model": "store.payment", "pk": 11, "fields": {"user": 2, "payment_id": "4KE99921UN139103T", "order_number": "202307283", "payment_method": "PayPal", "amount_payed": "", "status": "COMPLETED", "created_at": "2023-07-28T04:57:59.161Z"}}, {"model": "store.payment", "pk": 12, "fields": {"user": 2, "payment_id": "", "order_number": "", "payment_method": "cod", "amount_payed": "", "status": "", "created_at": "2023-07-28T19:44:48.039Z"}}, {"model": "store.payment", "pk": 13, "fields": {"user": 2, "payment_id": "", "order_number": "", "payment_method": "cod", "amount_payed": "", "status": "", "created_at": "2023-07-28T19:48:27.878Z"}}, {"model": "store.payment", "pk": 14, "fields": {"user": 2, "payment_id": "", "order_number": "", "payment_method": "cod", "amount_payed": "", "status": "", "created_at": "2023-07-28T19:49:56.536Z"}}, {"model": "store.payment", "pk": 15, "fields": {"user": 2, "payment_id": "", "order_number": "", "payment_method": "cod", "amount_payed": "", "status": "", "created_at": "2023-07-28T19:52:42.423Z"}}, {"model": "store.payment", "pk": 16, "fields": {"user": 2, "payment_id": "", "order_number": "", "payment_method": "cod", "amount_payed": "", "status": "", "created_at": "2023-07-28T19:53:40.805Z"}}, {"model": "store.payment", "pk": 17, "fields": {"user": 2, "payment_id": "", "order_number": "", "payment_method": "cod", "amount_payed": "", "status": "", "created_at": "2023-07-28T19:55:35.082Z"}}, {"model": "store.payment", "pk": 18, "fields": {"user": 2, "payment_id": "", "order_number": "", "payment_method": "cod", "amount_payed": "", "status": "", "created_at": "2023-07-28T19:57:00.644Z"}}, {"model": "store.payment", "pk": 19, "fields": {"user": 2, "payment_id": "", "order_number": "", "payment_method": "cod", "amount_payed": "", "status": "", "created_at": "2023-07-28T19:58:51.109Z"}}, {"model": "store.payment", "pk": 20, "fields": {"user": 2, "payment_id": "", "order_number": "", "payment_method": "cod", "amount_payed": "", "status": "", "created_at": "2023-07-28T20:04:34.453Z"}}, {"model": "store.payment", "pk": 21, "fields": {"user": 2, "payment_id": "2W957754K24756813", "order_number": "2023072912", "payment_method": "PayPal", "amount_payed": "", "status": "COMPLETED", "created_at": "2023-07-28T20:08:47.702Z"}}, {"model": "store.payment", "pk": 22, "fields": {"user": 2, "payment_id": "", "order_number": "", "payment_method": "cod", "amount_payed": "", "status": "", "created_at": "2023-07-29T03:48:12.146Z"}}, {"model": "store.payment", "pk": 23, "fields": {"user": 2, "payment_id": "3TY58403GW223664E", "order_number": "2023072913", "payment_method": "PayPal", "amount_payed": "", "status": "COMPLETED", "created_at": "2023-07-29T03:50:02.565Z"}}, {"model": "store.payment", "pk": 24, "fields": {"user": 2, "payment_id": "", "order_number": "", "payment_method": "cod", "amount_payed": "", "status": "", "created_at": "2023-07-31T04:05:01.174Z"}}, {"model": "store.payment", "pk": 25, "fields": {"user": 2, "payment_id": "", "order_number": "", "payment_method": "cod", "amount_payed": "", "status": "", "created_at": "2023-07-31T05:13:46.596Z"}}, {"model": "store.payment", "pk": 26, "fields": {"user": 2, "payment_id": "", "order_number": "", "payment_method": "cod", "amount_payed": "", "status": "", "created_at": "2023-07-31T05:14:01.501Z"}}, {"model": "store.payment", "pk": 27, "fields": {"user": 2, "payment_id": "", "order_number": "", "payment_method": "cod", "amount_payed": "", "status": "", "created_at": "2023-07-31T05:15:57.454Z"}}, {"model": "store.payment", "pk": 28, "fields": {"user": 2, "payment_id": "", "order_number": "", "payment_method": "cod", "amount_payed": "", "status": "", "created_at": "2023-07-31T05:17:56.036Z"}}, {"model": "store.payment", "pk": 29, "fields": {"user": 2, "payment_id": "", "order_number": "", "payment_method": "cod", "amount_payed": "", "status": "", "created_at": "2023-07-31T05:18:51.076Z"}}, {"model": "store.payment", "pk": 30, "fields": {"user": 2, "payment_id": "", "order_number": "", "payment_method": "cod", "amount_payed": "", "status": "", "created_at": "2023-07-31T05:22:31.085Z"}}, {"model": "store.payment", "pk": 31, "fields": {"user": 2, "payment_id": "", "order_number": "", "payment_method": "cod", "amount_payed": "", "status": "", "created_at": "2023-07-31T05:24:16.145Z"}}, {"model": "store.payment", "pk": 32, "fields": {"user": 2, "payment_id": "", "order_number": "", "payment_method": "cod", "amount_payed": "", "status": "", "created_at": "2023-07-31T05:25:17.310Z"}}, {"model": "store.payment", "pk": 33, "fields": {"user": 2, "payment_id": "", "order_number": "", "payment_method": "cod", "amount_payed": "", "status": "", "created_at": "2023-07-31T05:26:07.284Z"}}, {"model": "store.payment", "pk": 34, "fields": {"user": 2, "payment_id": "", "order_number": "", "payment_method": "cod", "amount_payed": "", "status": "", "created_at": "2023-07-31T05:26:45.797Z"}}, {"model": "store.payment", "pk": 35, "fields": {"user": 2, "payment_id": "", "order_number": "", "payment_method": "cod", "amount_payed": "", "status": "", "created_at": "2023-07-31T05:27:02.829Z"}}, {"model": "store.payment", "pk": 36, "fields": {"user": 2, "payment_id": "", "order_number": "", "payment_method": "cod", "amount_payed": "", "status": "", "created_at": "2023-07-31T05:27:35.924Z"}}, {"model": "store.payment", "pk": 37, "fields": {"user": 2, "payment_id": "8EH37570JB949881U", "order_number": "2023073126", "payment_method": "PayPal", "amount_payed": "", "status": "COMPLETED", "created_at": "2023-07-31T05:28:15.544Z"}}, {"model": "store.payment", "pk": 38, "fields": {"user": 2, "payment_id": "", "order_number": "", "payment_method": "cod", "amount_payed": "", "status": "", "created_at": "2023-07-31T05:33:07.608Z"}}, {"model": "store.payment", "pk": 39, "fields": {"user": 2, "payment_id": "54653000J99553410", "order_number": "2023073127", "payment_method": "PayPal", "amount_payed": "", "status": "COMPLETED", "created_at": "2023-07-31T05:33:26.212Z"}}, {"model": "store.payment", "pk": 40, "fields": {"user": 2, "payment_id": "", "order_number": "", "payment_method": "cod", "amount_payed": "", "status": "", "created_at": "2023-08-01T07:59:22.301Z"}}, {"model": "store.payment", "pk": 41, "fields": {"user": 2, "payment_id": "", "order_number": "", "payment_method": "cod", "amount_payed": "", "status": "", "created_at": "2023-08-01T08:00:39.408Z"}}, {"model": "store.payment", "pk": 42, "fields": {"user": 2, "payment_id": "", "order_number": "", "payment_method": "cod", "amount_payed": "", "status": "", "created_at": "2023-08-01T08:02:17.413Z"}}, {"model": "store.payment", "pk": 43, "fields": {"user": 2, "payment_id": "", "order_number": "", "payment_method": "cod", "amount_payed": "", "status": "", "created_at": "2023-08-01T08:03:57.595Z"}}, {"model": "store.payment", "pk": 44, "fields": {"user": 2, "payment_id": "", "order_number": "", "payment_method": "cod", "amount_payed": "", "status": "", "created_at": "2023-08-01T08:06:04.566Z"}}, {"model": "store.payment", "pk": 45, "fields": {"user": 2, "payment_id": "", "order_number": "", "payment_method": "cod", "amount_payed": "", "status": "", "created_at": "2023-08-01T08:09:09.447Z"}}, {"model": "store.payment", "pk": 46, "fields": {"user": 2, "payment_id": "", "order_number": "", "payment_method": "cod", "amount_payed": "", "status": "", "created_at": "2023-08-01T08:10:32.021Z"}}, {"model": "store.payment", "pk": 47, "fields": {"user": 2, "payment_id": "", "order_number": "", "payment_method": "cod", "amount_payed": "", "status": "", "created_at": "2023-08-01T08:11:04.027Z"}}, {"model": "store.payment", "pk": 48, "fields": {"user": 2, "payment_id": "", "order_number": "", "payment_method": "cod", "amount_payed": "", "status": "", "created_at": "2023-08-01T08:12:03.760Z"}}, {"model": "store.payment", "pk": 49, "fields": {"user": 2, "payment_id": "", "order_number": "", "payment_method": "cod", "amount_payed": "", "status": "", "created_at": "2023-08-01T08:14:25.893Z"}}, {"model": "store.payment", "pk": 50, "fields": {"user": 2, "payment_id": "", "order_number": "", "payment_method": "cod", "amount_payed": "", "status": "", "created_at": "2023-08-01T08:21:48.235Z"}}, {"model": "store.payment", "pk": 51, "fields": {"user": 2, "payment_id": "", "order_number": "", "payment_method": "cod", "amount_payed": "", "status": "", "created_at": "2023-08-01T08:24:35.213Z"}}, {"model": "store.payment", "pk": 52, "fields": {"user": 2, "payment_id": "", "order_number": "", "payment_method": "cod", "amount_payed": "", "status": "", "created_at": "2023-08-01T09:39:43.570Z"}}, {"model": "store.payment", "pk": 53, "fields": {"user": 2, "payment_id": "", "order_number": "", "payment_method": "cod", "amount_payed": "", "status": "", "created_at": "2023-08-01T09:42:54.079Z"}}, {"model": "store.payment", "pk": 54, "fields": {"user": 2, "payment_id": "", "order_number": "", "payment_method": "cod", "amount_payed": "", "status": "", "created_at": "2023-08-01T09:52:40.882Z"}}, {"model": "store.payment", "pk": 55, "fields": {"user": 2, "payment_id": "", "order_number": "", "payment_method": "cod", "amount_payed": "", "status": "", "created_at": "2023-08-02T04:18:09.445Z"}}, {"model": "store.payment", "pk": 56, "fields": {"user": 2, "payment_id": "", "order_number": "", "payment_method": "cod", "amount_payed": "", "status": "", "created_at": "2023-08-02T04:21:42.717Z"}}, {"model": "store.payment", "pk": 57, "fields": {"user": 2, "payment_id": "", "order_number": "", "payment_method": "cod", "amount_payed": "", "status": "", "created_at": "2023-08-02T04:33:43.957Z"}}, {"model": "store.payment", "pk": 58, "fields": {"user": 2, "payment_id": "", "order_number": "", "payment_method": "cod", "amount_payed": "", "status": "", "created_at": "2023-08-02T08:10:09.200Z"}}, {"model": "store.payment", "pk": 59, "fields": {"user": 2, "payment_id": "", "order_number": "", "payment_method": "cod", "amount_payed": "", "status": "", "created_at": "2023-08-02T08:11:59.560Z"}}, {"model": "store.payment", "pk": 60, "fields": {"user": 2, "payment_id": "uw202308024747", "order_number": "2023080247", "payment_method": "Wallet", "amount_payed": "900", "status": "COMPLETED", "created_at": "2023-08-02T08:27:03.670Z"}}, {"model": "store.payment", "pk": 61, "fields": {"user": 2, "payment_id": "", "order_number": "", "payment_method": "cod", "amount_payed": "", "status": "", "created_at": "2023-08-03T12:11:19.387Z"}}, {"model": "store.payment", "pk": 62, "fields": {"user": 2, "payment_id": "", "order_number": "", "payment_method": "cod", "amount_payed": "", "status": "", "created_at": "2023-08-03T12:11:57.635Z"}}, {"model": "store.payment", "pk": 63, "fields": {"user": 2, "payment_id": "", "order_number": "", "payment_method": "cod", "amount_payed": "", "status": "", "created_at": "2023-08-03T12:15:21.823Z"}}, {"model": "store.payment", "pk": 64, "fields": {"user": 2, "payment_id": "", "order_number": "", "payment_method": "cod", "amount_payed": "", "status": "", "created_at": "2023-08-03T12:19:38.962Z"}}, {"model": "store.payment", "pk": 65, "fields": {"user": 2, "payment_id": "", "order_number": "", "payment_method": "cod", "amount_payed": "", "status": "", "created_at": "2023-08-03T12:24:33.842Z"}}, {"model": "store.payment", "pk": 66, "fields": {"user": 2, "payment_id": "", "order_number": "", "payment_method": "cod", "amount_payed": "", "status": "", "created_at": "2023-08-03T12:27:05.833Z"}}, {"model": "store.payment", "pk": 67, "fields": {"user": 2, "payment_id": "", "order_number": "", "payment_method": "cod", "amount_payed": "", "status": "", "created_at": "2023-08-03T12:28:30.357Z"}}, {"model": "store.payment", "pk": 68, "fields": {"user": 2, "payment_id": "", "order_number": "", "payment_method": "cod", "amount_payed": "", "status": "", "created_at": "2023-08-03T12:29:32.150Z"}}, {"model": "store.payment", "pk": 69, "fields": {"user": 2, "payment_id": "", "order_number": "", "payment_method": "cod", "amount_payed": "", "status": "", "created_at": "2023-08-03T12:29:56.454Z"}}, {"model": "store.payment", "pk": 70, "fields": {"user": 2, "payment_id": "", "order_number": "", "payment_method": "cod", "amount_payed": "", "status": "", "created_at": "2023-08-03T12:31:07.407Z"}}, {"model": "store.payment", "pk": 71, "fields": {"user": 2, "payment_id": "", "order_number": "", "payment_method": "cod", "amount_payed": "", "status": "", "created_at": "2023-08-03T12:32:47.766Z"}}, {"model": "store.payment", "pk": 72, "fields": {"user": 2, "payment_id": "75X37645058094234", "order_number": "2023080358", "payment_method": "PayPal", "amount_payed": "", "status": "COMPLETED", "created_at": "2023-08-03T12:36:08.755Z"}}, {"model": "store.payment", "pk": 73, "fields": {"user": 2, "payment_id": "", "order_number": "", "payment_method": "cod", "amount_payed": "", "status": "", "created_at": "2023-08-03T12:41:29.085Z"}}, {"model": "store.payment", "pk": 74, "fields": {"user": 2, "payment_id": "", "order_number": "", "payment_method": "cod", "amount_payed": "", "status": "", "created_at": "2023-08-03T12:43:49.728Z"}}, {"model": "store.payment", "pk": 75, "fields": {"user": 2, "payment_id": "", "order_number": "", "payment_method": "cod", "amount_payed": "", "status": "", "created_at": "2023-08-03T12:45:15.501Z"}}, {"model": "store.payment", "pk": 76, "fields": {"user": 2, "payment_id": "", "order_number": "", "payment_method": "cod", "amount_payed": "", "status": "", "created_at": "2023-08-03T12:47:28.125Z"}}, {"model": "store.payment", "pk": 77, "fields": {"user": 2, "payment_id": "", "order_number": "", "payment_method": "cod", "amount_payed": "", "status": "", "created_at": "2023-08-03T12:47:52.315Z"}}, {"model": "store.payment", "pk": 78, "fields": {"user": 2, "payment_id": "4VV30667VE0841734", "order_number": "2023080363", "payment_method": "PayPal", "amount_payed": "", "status": "COMPLETED", "created_at": "2023-08-03T12:48:26.234Z"}}, {"model": "store.payment", "pk": 79, "fields": {"user": 2, "payment_id": "", "order_number": "", "payment_method": "cod", "amount_payed": "", "status": "", "created_at": "2023-08-03T12:53:46.192Z"}}, {"model": "store.payment", "pk": 80, "fields": {"user": 2, "payment_id": "", "order_number": "", "payment_method": "cod", "amount_payed": "", "status": "", "created_at": "2023-08-03T12:55:37.996Z"}}, {"model": "store.payment", "pk": 81, "fields": {"user": 2, "payment_id": "", "order_number": "", "payment_method": "cod", "amount_payed": "", "status": "", "created_at": "2023-08-03T12:57:41.173Z"}}, {"model": "store.payment", "pk": 82, "fields": {"user": 2, "payment_id": "5R431004AK055523C", "order_number": "2023080366", "payment_method": "PayPal", "amount_payed": "", "status": "COMPLETED", "created_at": "2023-08-03T12:57:53.854Z"}}, {"model": "store.payment", "pk": 83, "fields": {"user": 2, "payment_id": "", "order_number": "", "payment_method": "cod", "amount_payed": "", "status": "", "created_at": "2023-08-03T13:02:54.041Z"}}, {"model": "store.payment", "pk": 84, "fields": {"user": 2, "payment_id": "0JL9003824675461U", "order_number": "2023080367", "payment_method": "PayPal", "amount_payed": "", "status": "COMPLETED", "created_at": "2023-08-03T13:03:09.664Z"}}, {"model": "store.payment", "pk": 85, "fields": {"user": 2, "payment_id": "", "order_number": "", "payment_method": "cod", "amount_payed": "", "status": "", "created_at": "2023-08-03T13:04:53.238Z"}}, {"model": "store.payment", "pk": 86, "fields": {"user": 2, "payment_id": "656829272W577554S", "order_number": "2023080368", "payment_method": "PayPal", "amount_payed": "", "status": "COMPLETED", "created_at": "2023-08-03T13:05:33.934Z"}}, {"model": "store.payment", "pk": 87, "fields": {"user": 2, "payment_id": "", "order_number": "", "payment_method": "cod", "amount_payed": "", "status": "", "created_at": "2023-08-03T13:36:42.927Z"}}, {"model": "store.payment", "pk": 88, "fields": {"user": 2, "payment_id": "", "order_number": "", "payment_method": "cod", "amount_payed": "", "status": "", "created_at": "2023-08-04T03:37:08.748Z"}}, {"model": "store.payment", "pk": 89, "fields": {"user": 2, "payment_id": "10G89797859451031", "order_number": "2023080470", "payment_method": "PayPal", "amount_payed": "", "status": "COMPLETED", "created_at": "2023-08-04T03:37:57.947Z"}}, {"model": "store.payment", "pk": 90, "fields": {"user": 2, "payment_id": "", "order_number": "", "payment_method": "cod", "amount_payed": "", "status": "", "created_at": "2023-08-04T03:42:20.080Z"}}, {"model": "store.payment", "pk": 91, "fields": {"user": 2, "payment_id": "uw202308047171", "order_number": "2023080471", "payment_method": "Wallet", "amount_payed": "406.98", "status": "COMPLETED", "created_at": "2023-08-04T03:42:33.164Z"}}, {"model": "store.payment", "pk": 92, "fields": {"user": 2, "payment_id": "", "order_number": "", "payment_method": "cod", "amount_payed": "", "status": "", "created_at": "2023-08-04T04:08:34.905Z"}}, {"model": "store.payment", "pk": 93, "fields": {"user": 2, "payment_id": "", "order_number": "", "payment_method": "cod", "amount_payed": "", "status": "", "created_at": "2023-08-04T04:10:53.448Z"}}, {"model": "store.payment", "pk": 94, "fields": {"user": 2, "payment_id": "", "order_number": "", "payment_method": "cod", "amount_payed": "", "status": "", "created_at": "2023-08-04T04:39:56.235Z"}}, {"model": "store.payment", "pk": 95, "fields": {"user": 2, "payment_id": "", "order_number": "", "payment_method": "cod", "amount_payed": "", "status": "", "created_at": "2023-08-04T04:40:57.145Z"}}, {"model": "store.payment", "pk": 96, "fields": {"user": 2, "payment_id": "", "order_number": "", "payment_method": "cod", "amount_payed": "", "status": "", "created_at": "2023-08-04T04:41:36.802Z"}}, {"model": "store.payment", "pk": 97, "fields": {"user": 2, "payment_id": "", "order_number": "", "payment_method": "cod", "amount_payed": "", "status": "", "created_at": "2023-08-04T04:41:41.647Z"}}, {"model": "store.payment", "pk": 98, "fields": {"user": 2, "payment_id": "", "order_number": "", "payment_method": "cod", "amount_payed": "", "status": "", "created_at": "2023-08-04T04:54:07.776Z"}}, {"model": "store.payment", "pk": 99, "fields": {"user": 2, "payment_id": "", "order_number": "", "payment_method": "cod", "amount_payed": "", "status": "", "created_at": "2023-08-04T05:01:59.674Z"}}, {"model": "store.payment", "pk": 100, "fields": {"user": 2, "payment_id": "", "order_number": "", "payment_method": "cod", "amount_payed": "", "status": "", "created_at": "2023-08-04T05:05:21.466Z"}}, {"model": "store.payment", "pk": 101, "fields": {"user": 2, "payment_id": "", "order_number": "", "payment_method": "cod", "amount_payed": "", "status": "", "created_at": "2023-08-04T05:06:01.434Z"}}, {"model": "store.payment", "pk": 102, "fields": {"user": 2, "payment_id": "", "order_number": "", "payment_method": "cod", "amount_payed": "", "status": "", "created_at": "2023-08-04T05:09:03.527Z"}}, {"model": "store.payment", "pk": 103, "fields": {"user": 2, "payment_id": "6N454389G6941473G", "order_number": "2023080481", "payment_method": "PayPal", "amount_payed": "", "status": "COMPLETED", "created_at": "2023-08-04T05:23:00.336Z"}}, {"model": "store.payment", "pk": 104, "fields": {"user": 2, "payment_id": "", "order_number": "", "payment_method": "cod", "amount_payed": "", "status": "", "created_at": "2023-08-04T05:27:43.116Z"}}, {"model": "store.payment", "pk": 105, "fields": {"user": 2, "payment_id": "", "order_number": "", "payment_method": "cod", "amount_payed": "", "status": "", "created_at": "2023-08-04T07:18:30.015Z"}}, {"model": "store.payment", "pk": 106, "fields": {"user": 2, "payment_id": "9DT18687K72345508", "order_number": "2023080483", "payment_method": "PayPal", "amount_payed": "", "status": "COMPLETED", "created_at": "2023-08-04T07:19:01.930Z"}}, {"model": "store.payment", "pk": 107, "fields": {"user": 2, "payment_id": "", "order_number": "", "payment_method": "cod", "amount_payed": "", "status": "", "created_at": "2023-08-04T16:30:09.959Z"}}, {"model": "store.payment", "pk": 108, "fields": {"user": 2, "payment_id": "", "order_number": "", "payment_method": "cod", "amount_payed": "", "status": "", "created_at": "2023-08-06T04:25:40.946Z"}}, {"model": "store.payment", "pk": 109, "fields": {"user": 2, "payment_id": "", "order_number": "", "payment_method": "cod", "amount_payed": "", "status": "", "created_at": "2023-08-06T04:43:14.212Z"}}, {"model": "store.order", "pk": 70, "fields": {"user": 2, "payment": 89, "order_number": "2023080470", "first_name": "Arun", "last_name": "Krishna", "phone": "9876543210", "email": "arunakvb98@gmail.com", "address_line_1": "Second Address", "address_line_2": "Second Address", "country": "country1", "state": "state1", "city": "city1", "pincode": "678766", "order_total": 406.98, "tax": 7.98, "status": "Completed", "ip": "127.0.0.1", "is_ordered": true, "created_at": "2023-08-04T03:37:08.772Z", "updated_at": "2023-08-04T05:16:15.837Z"}}, {"model": "store.order", "pk": 71, "fields": {"user": 2, "payment": 91, "order_number": "2023080471", "first_name": "Arun", "last_name": "Krishna", "phone": "9876543210", "email": "arunakvb98@gmail.com", "address_line_1": "Second Address", "address_line_2": "Second Address", "country": "country1", "state": "state1", "city": "city1", "pincode": "678766", "order_total": 406.98, "tax": 7.98, "status": "Cancelled", "ip": "127.0.0.1", "is_ordered": true, "created_at": "2023-08-04T03:42:20.104Z", "updated_at": "2023-08-04T05:57:07.444Z"}}, {"model": "store.order", "pk": 72, "fields": {"user": 2, "payment": 92, "order_number": "2023080472", "first_name": "Arun", "last_name": "Krishna", "phone": "9876543210", "email": "arunakvb98@gmail.com", "address_line_1": "address", "address_line_2": "address2", "country": "country", "state": "state", "city": "city", "pincode": "678766", "order_total": 813.96, "tax": 15.96, "status": "New", "ip": "127.0.0.1", "is_ordered": false, "created_at": "2023-08-04T04:08:34.913Z", "updated_at": "2023-08-04T04:08:34.916Z"}}, {"model": "store.order", "pk": 73, "fields": {"user": 2, "payment": 93, "order_number": "2023080473", "first_name": "Arun", "last_name": "Krishna", "phone": "9876543210", "email": "arunakvb98@gmail.com", "address_line_1": "address", "address_line_2": "address2", "country": "country", "state": "state", "city": "city", "pincode": "678766", "order_total": 813.96, "tax": 15.96, "status": "New", "ip": "127.0.0.1", "is_ordered": false, "created_at": "2023-08-04T04:10:53.452Z", "updated_at": "2023-08-04T04:10:53.452Z"}}, {"model": "store.order", "pk": 74, "fields": {"user": 2, "payment": 94, "order_number": "2023080474", "first_name": "Arun", "last_name": "Krishna", "phone": "9876543210", "email": "arunakvb98@gmail.com", "address_line_1": "address", "address_line_2": "address2", "country": "country", "state": "state", "city": "city", "pincode": "678766", "order_total": 813.96, "tax": 15.96, "status": "New", "ip": "127.0.0.1", "is_ordered": false, "created_at": "2023-08-04T04:39:56.245Z", "updated_at": "2023-08-04T04:39:56.250Z"}}, {"model": "store.order", "pk": 75, "fields": {"user": 2, "payment": 95, "order_number": "2023080475", "first_name": "Arun", "last_name": "Krishna", "phone": "9876543210", "email": "arunakvb98@gmail.com", "address_line_1": "address", "address_line_2": "address2", "country": "country", "state": "state", "city": "city", "pincode": "678766", "order_total": 813.96, "tax": 15.96, "status": "New", "ip": "127.0.0.1", "is_ordered": false, "created_at": "2023-08-04T04:40:57.156Z", "updated_at": "2023-08-04T04:40:57.160Z"}}, {"model": "store.order", "pk": 76, "fields": {"user": 2, "payment": 96, "order_number": "2023080476", "first_name": "Arun", "last_name": "Krishna", "phone": "9876543210", "email": "arunakvb98@gmail.com", "address_line_1": "address", "address_line_2": "address2", "country": "country", "state": "state", "city": "city", "pincode": "678766", "order_total": 813.96, "tax": 15.96, "status": "New", "ip": "127.0.0.1", "is_ordered": false, "created_at": "2023-08-04T04:41:36.809Z", "updated_at": "2023-08-04T04:41:36.813Z"}}, {"model": "store.order", "pk": 77, "fields": {"user": 2, "payment": 97, "order_number": "2023080477", "first_name": "Arun", "last_name": "Krishna", "phone": "9876543210", "email": "arunakvb98@gmail.com", "address_line_1": "address", "address_line_2": "address2", "country": "country", "state": "state", "city": "city", "pincode": "678766", "order_total": 813.96, "tax": 15.96, "status": "New", "ip": "127.0.0.1", "is_ordered": false, "created_at": "2023-08-04T04:41:41.657Z", "updated_at": "2023-08-04T04:41:41.661Z"}}, {"model": "store.order", "pk": 78, "fields": {"user": 2, "payment": 98, "order_number": "2023080478", "first_name": "Arun", "last_name": "Krishna", "phone": "9876543210", "email": "arunakvb98@gmail.com", "address_line_1": "address", "address_line_2": "address2", "country": "country", "state": "state", "city": "city", "pincode": "678766", "order_total": 864.94, "tax": 17.94, "status": "New", "ip": "127.0.0.1", "is_ordered": false, "created_at": "2023-08-04T04:54:07.784Z", "updated_at": "2023-08-04T04:55:14.010Z"}}, {"model": "store.order", "pk": 79, "fields": {"user": 2, "payment": 99, "order_number": "2023080479", "first_name": "Arun", "last_name": "Krishna", "phone": "9876543210", "email": "arunakvb98@gmail.com", "address_line_1": "address", "address_line_2": "address2", "country": "country", "state": "state", "city": "city", "pincode": "678766", "order_total": 1627.92, "tax": 31.92, "status": "New", "ip": "127.0.0.1", "is_ordered": false, "created_at": "2023-08-04T05:01:59.682Z", "updated_at": "2023-08-04T05:01:59.686Z"}}, {"model": "store.order", "pk": 80, "fields": {"user": 2, "payment": 101, "order_number": "2023080480", "first_name": "Arun", "last_name": "Krishna", "phone": "9876543210", "email": "arunakvb98@gmail.com", "address_line_1": "address", "address_line_2": "address2", "country": "country", "state": "state", "city": "city", "pincode": "678766", "order_total": 1627.92, "tax": 31.92, "status": "New", "ip": "127.0.0.1", "is_ordered": false, "created_at": "2023-08-04T05:06:01.440Z", "updated_at": "2023-08-04T05:06:01.440Z"}}, {"model": "store.order", "pk": 81, "fields": {"user": 2, "payment": 103, "order_number": "2023080481", "first_name": "Arun", "last_name": "Krishna", "phone": "9876543210", "email": "arunakvb98@gmail.com", "address_line_1": "address", "address_line_2": "address2", "country": "country", "state": "state", "city": "city", "pincode": "678766", "order_total": 1527.92, "tax": 31.92, "status": "New", "ip": "127.0.0.1", "is_ordered": true, "created_at": "2023-08-04T05:09:03.536Z", "updated_at": "2023-08-04T05:23:39.006Z"}}, {"model": "store.order", "pk": 82, "fields": {"user": 2, "payment": 104, "order_number": "2023080482", "first_name": "Arun", "last_name": "Krishna", "phone": "9876543210", "email": "arunakvb98@gmail.com", "address_line_1": "address", "address_line_2": "address2", "country": "country", "state": "state", "city": "city", "pincode": "678766", "order_total": 713.96, "tax": 15.96, "status": "New", "ip": "127.0.0.1", "is_ordered": true, "created_at": "2023-08-04T05:27:43.125Z", "updated_at": "2023-08-04T05:33:15.180Z"}}, {"model": "store.order", "pk": 83, "fields": {"user": 2, "payment": 106, "order_number": "2023080483", "first_name": "Arun", "last_name": "Krishna", "phone": "9876543210", "email": "arunakvb98@gmail.com", "address_line_1": "address", "address_line_2": "address2", "country": "country", "state": "state", "city": "city", "pincode": "678766", "order_total": 4887.84, "tax": 95.84, "status": "New", "ip": "127.0.0.1", "is_ordered": true, "created_at": "2023-08-04T07:18:30.025Z", "updated_at": "2023-08-04T07:19:01.974Z"}}, {"model": "store.order", "pk": 84, "fields": {"user": 2, "payment": 109, "order_number": "2023080684", "first_name": "Arun", "last_name": "Krishna", "phone": "9874563214", "email": "arunakvb98@gmail.com", "address_line_1": "Address1", "address_line_2": "Address1", "country": "country", "state": "state", "city": "city", "pincode": "688545", "order_total": 406.98, "tax": 7.98, "status": "New", "ip": "127.0.0.1", "is_ordered": false, "created_at": "2023-08-06T04:43:14.227Z", "updated_at": "2023-08-06T04:43:14.235Z"}}, {"model": "store.orderproduct", "pk": 1, "fields": {"user": 2, "product": "0a7656ca-59de-4c03-9e06-040696e961e4", "product_price": 799.0, "payment": 2, "order": null, "quantity": 1, "created_at": "2023-07-27T16:43:49.467Z", "updated_at": "2023-07-27T16:44:19.387Z", "ordered": true, "returned": false, "color": "Red", "size": "XS"}}, {"model": "store.orderproduct", "pk": 2, "fields": {"user": 2, "product": "9aea8cc5-33e6-44b3-8643-e8a15211e6d9", "product_price": 399.0, "payment": 4, "order": null, "quantity": 1, "created_at": "2023-07-28T01:16:35.420Z", "updated_at": "2023-07-28T01:17:13.897Z", "ordered": true, "returned": false, "color": "Red", "size": "M"}}, {"model": "store.orderproduct", "pk": 3, "fields": {"user": 2, "product": "0a7656ca-59de-4c03-9e06-040696e961e4", "product_price": 799.0, "payment": 11, "order": null, "quantity": 1, "created_at": "2023-07-28T04:57:30.918Z", "updated_at": "2023-07-28T04:57:59.170Z", "ordered": true, "returned": false, "color": "Red", "size": "XS"}}, {"model": "store.orderproduct", "pk": 4, "fields": {"user": 2, "product": "0a7656ca-59de-4c03-9e06-040696e961e4", "product_price": 2397.0, "payment": 12, "order": null, "quantity": 3, "created_at": "2023-07-28T19:44:48.058Z", "updated_at": "2023-07-28T19:44:48.063Z", "ordered": false, "returned": false, "color": "Red", "size": "XS"}}, {"model": "store.orderproduct", "pk": 5, "fields": {"user": 2, "product": "1ceb2bd6-2a25-4ff8-8fd8-e60547aa2d05", "product_price": 798.0, "payment": 12, "order": null, "quantity": 2, "created_at": "2023-07-28T19:44:48.067Z", "updated_at": "2023-07-28T19:44:48.071Z", "ordered": false, "returned": false, "color": "Red", "size": "XS"}}, {"model": "store.orderproduct", "pk": 6, "fields": {"user": 2, "product": "0a7656ca-59de-4c03-9e06-040696e961e4", "product_price": 1598.0, "payment": 13, "order": null, "quantity": 2, "created_at": "2023-07-28T19:48:27.897Z", "updated_at": "2023-07-28T19:48:27.901Z", "ordered": false, "returned": false, "color": "Red", "size": "XS"}}, {"model": "store.orderproduct", "pk": 7, "fields": {"user": 2, "product": "1ceb2bd6-2a25-4ff8-8fd8-e60547aa2d05", "product_price": 798.0, "payment": 14, "order": null, "quantity": 2, "created_at": "2023-07-28T19:49:56.554Z", "updated_at": "2023-07-28T19:49:56.558Z", "ordered": false, "returned": false, "color": "Red", "size": "S"}}, {"model": "store.orderproduct", "pk": 8, "fields": {"user": 2, "product": "1ceb2bd6-2a25-4ff8-8fd8-e60547aa2d05", "product_price": 399.0, "payment": 15, "order": null, "quantity": 1, "created_at": "2023-07-28T19:52:42.440Z", "updated_at": "2023-07-28T19:52:42.444Z", "ordered": false, "returned": false, "color": "Red", "size": "XS"}}, {"model": "store.orderproduct", "pk": 9, "fields": {"user": 2, "product": "5e11b36e-e87d-4aa4-96ea-e0876e1cc401", "product_price": 1599.0, "payment": 16, "order": null, "quantity": 1, "created_at": "2023-07-28T19:53:40.822Z", "updated_at": "2023-07-28T19:53:40.826Z", "ordered": false, "returned": false, "color": "Red", "size": "XS"}}, {"model": "store.orderproduct", "pk": 10, "fields": {"user": 2, "product": "bf610b0c-8c13-4d3f-a4fc-e0fd6f5a2a4f", "product_price": 2097.0, "payment": 17, "order": null, "quantity": 3, "created_at": "2023-07-28T19:55:35.098Z", "updated_at": "2023-07-28T19:55:35.102Z", "ordered": false, "returned": false, "color": "White", "size": "XS"}}, {"model": "store.orderproduct", "pk": 11, "fields": {"user": 2, "product": "5e11b36e-e87d-4aa4-96ea-e0876e1cc401", "product_price": 1599.0, "payment": 18, "order": null, "quantity": 1, "created_at": "2023-07-28T19:57:00.661Z", "updated_at": "2023-07-28T19:57:00.664Z", "ordered": false, "returned": false, "color": "Red", "size": "XS"}}, {"model": "store.orderproduct", "pk": 12, "fields": {"user": 2, "product": "1ceb2bd6-2a25-4ff8-8fd8-e60547aa2d05", "product_price": 399.0, "payment": 19, "order": null, "quantity": 1, "created_at": "2023-07-28T19:58:51.126Z", "updated_at": "2023-07-28T19:58:51.130Z", "ordered": false, "returned": false, "color": "Blue", "size": "XS"}}, {"model": "store.orderproduct", "pk": 13, "fields": {"user": 2, "product": "1ceb2bd6-2a25-4ff8-8fd8-e60547aa2d05", "product_price": 399.0, "payment": 21, "order": null, "quantity": 1, "created_at": "2023-07-28T20:04:34.471Z", "updated_at": "2023-07-28T20:08:47.712Z", "ordered": true, "returned": false, "color": "Blue", "size": "XS"}}, {"model": "store.orderproduct", "pk": 14, "fields": {"user": 2, "product": "5e11b36e-e87d-4aa4-96ea-e0876e1cc401", "product_price": 4797.0, "payment": 23, "order": null, "quantity": 3, "created_at": "2023-07-29T03:48:12.163Z", "updated_at": "2023-07-29T03:50:02.579Z", "ordered": true, "returned": false, "color": "Red", "size": "XS"}}, {"model": "store.orderproduct", "pk": 15, "fields": {"user": 2, "product": "5e11b36e-e87d-4aa4-96ea-e0876e1cc401", "product_price": 3198.0, "payment": 24, "order": null, "quantity": 2, "created_at": "2023-07-31T04:05:01.193Z", "updated_at": "2023-07-31T04:05:01.199Z", "ordered": false, "returned": false, "color": "Red", "size": "XS"}}, {"model": "store.orderproduct", "pk": 16, "fields": {"user": 2, "product": "0a7656ca-59de-4c03-9e06-040696e961e4", "product_price": 829.0, "payment": 25, "order": null, "quantity": 1, "created_at": "2023-07-31T05:13:46.598Z", "updated_at": "2023-07-31T05:13:46.614Z", "ordered": false, "returned": false, "color": "Red", "size": "S"}}, {"model": "store.orderproduct", "pk": 17, "fields": {"user": 2, "product": "1ceb2bd6-2a25-4ff8-8fd8-e60547aa2d05", "product_price": 459.0, "payment": 25, "order": null, "quantity": 1, "created_at": "2023-07-31T05:13:46.614Z", "updated_at": "2023-07-31T05:13:46.614Z", "ordered": false, "returned": false, "color": "Red", "size": "S"}}, {"model": "store.orderproduct", "pk": 18, "fields": {"user": 2, "product": "0a7656ca-59de-4c03-9e06-040696e961e4", "product_price": 829.0, "payment": 26, "order": null, "quantity": 1, "created_at": "2023-07-31T05:14:01.517Z", "updated_at": "2023-07-31T05:14:01.521Z", "ordered": false, "returned": false, "color": "Red", "size": "S"}}, {"model": "store.orderproduct", "pk": 19, "fields": {"user": 2, "product": "1ceb2bd6-2a25-4ff8-8fd8-e60547aa2d05", "product_price": 459.0, "payment": 26, "order": null, "quantity": 1, "created_at": "2023-07-31T05:14:01.526Z", "updated_at": "2023-07-31T05:14:01.529Z", "ordered": false, "returned": false, "color": "Red", "size": "S"}}, {"model": "store.orderproduct", "pk": 20, "fields": {"user": 2, "product": "0a7656ca-59de-4c03-9e06-040696e961e4", "product_price": 829.0, "payment": 27, "order": null, "quantity": 1, "created_at": "2023-07-31T05:15:57.466Z", "updated_at": "2023-07-31T05:15:57.466Z", "ordered": false, "returned": false, "color": "Red", "size": "S"}}, {"model": "store.orderproduct", "pk": 21, "fields": {"user": 2, "product": "1ceb2bd6-2a25-4ff8-8fd8-e60547aa2d05", "product_price": 459.0, "payment": 27, "order": null, "quantity": 1, "created_at": "2023-07-31T05:15:57.466Z", "updated_at": "2023-07-31T05:15:57.485Z", "ordered": false, "returned": false, "color": "Red", "size": "S"}}, {"model": "store.orderproduct", "pk": 22, "fields": {"user": 2, "product": "0a7656ca-59de-4c03-9e06-040696e961e4", "product_price": 829.0, "payment": 28, "order": null, "quantity": 1, "created_at": "2023-07-31T05:17:56.053Z", "updated_at": "2023-07-31T05:17:56.057Z", "ordered": false, "returned": false, "color": "Red", "size": "S"}}, {"model": "store.orderproduct", "pk": 23, "fields": {"user": 2, "product": "1ceb2bd6-2a25-4ff8-8fd8-e60547aa2d05", "product_price": 459.0, "payment": 28, "order": null, "quantity": 1, "created_at": "2023-07-31T05:17:56.062Z", "updated_at": "2023-07-31T05:17:56.065Z", "ordered": false, "returned": false, "color": "Red", "size": "S"}}, {"model": "store.orderproduct", "pk": 24, "fields": {"user": 2, "product": "0a7656ca-59de-4c03-9e06-040696e961e4", "product_price": 829.0, "payment": 29, "order": null, "quantity": 1, "created_at": "2023-07-31T05:18:51.098Z", "updated_at": "2023-07-31T05:18:51.102Z", "ordered": false, "returned": false, "color": "Red", "size": "S"}}, {"model": "store.orderproduct", "pk": 25, "fields": {"user": 2, "product": "1ceb2bd6-2a25-4ff8-8fd8-e60547aa2d05", "product_price": 459.0, "payment": 29, "order": null, "quantity": 1, "created_at": "2023-07-31T05:18:51.107Z", "updated_at": "2023-07-31T05:18:51.110Z", "ordered": false, "returned": false, "color": "Red", "size": "S"}}, {"model": "store.orderproduct", "pk": 26, "fields": {"user": 2, "product": "0a7656ca-59de-4c03-9e06-040696e961e4", "product_price": 829.0, "payment": 30, "order": null, "quantity": 1, "created_at": "2023-07-31T05:22:31.105Z", "updated_at": "2023-07-31T05:22:31.108Z", "ordered": false, "returned": false, "color": "Red", "size": "S"}}, {"model": "store.orderproduct", "pk": 27, "fields": {"user": 2, "product": "1ceb2bd6-2a25-4ff8-8fd8-e60547aa2d05", "product_price": 459.0, "payment": 30, "order": null, "quantity": 1, "created_at": "2023-07-31T05:22:31.112Z", "updated_at": "2023-07-31T05:22:31.116Z", "ordered": false, "returned": false, "color": "Red", "size": "S"}}, {"model": "store.orderproduct", "pk": 28, "fields": {"user": 2, "product": "0a7656ca-59de-4c03-9e06-040696e961e4", "product_price": 829.0, "payment": 31, "order": null, "quantity": 1, "created_at": "2023-07-31T05:24:16.162Z", "updated_at": "2023-07-31T05:24:16.166Z", "ordered": false, "returned": false, "color": "Red", "size": "S"}}, {"model": "store.orderproduct", "pk": 29, "fields": {"user": 2, "product": "1ceb2bd6-2a25-4ff8-8fd8-e60547aa2d05", "product_price": 459.0, "payment": 31, "order": null, "quantity": 1, "created_at": "2023-07-31T05:24:16.170Z", "updated_at": "2023-07-31T05:24:16.173Z", "ordered": false, "returned": false, "color": "Red", "size": "S"}}, {"model": "store.orderproduct", "pk": 30, "fields": {"user": 2, "product": "0a7656ca-59de-4c03-9e06-040696e961e4", "product_price": 829.0, "payment": 32, "order": null, "quantity": 1, "created_at": "2023-07-31T05:25:17.325Z", "updated_at": "2023-07-31T05:25:17.329Z", "ordered": false, "returned": false, "color": "Red", "size": "S"}}, {"model": "store.orderproduct", "pk": 31, "fields": {"user": 2, "product": "1ceb2bd6-2a25-4ff8-8fd8-e60547aa2d05", "product_price": 459.0, "payment": 32, "order": null, "quantity": 1, "created_at": "2023-07-31T05:25:17.333Z", "updated_at": "2023-07-31T05:25:17.337Z", "ordered": false, "returned": false, "color": "Red", "size": "S"}}, {"model": "store.orderproduct", "pk": 32, "fields": {"user": 2, "product": "0a7656ca-59de-4c03-9e06-040696e961e4", "product_price": 829.0, "payment": 33, "order": null, "quantity": 1, "created_at": "2023-07-31T05:26:07.301Z", "updated_at": "2023-07-31T05:26:07.305Z", "ordered": false, "returned": false, "color": "Red", "size": "S"}}, {"model": "store.orderproduct", "pk": 33, "fields": {"user": 2, "product": "1ceb2bd6-2a25-4ff8-8fd8-e60547aa2d05", "product_price": 459.0, "payment": 33, "order": null, "quantity": 1, "created_at": "2023-07-31T05:26:07.309Z", "updated_at": "2023-07-31T05:26:07.312Z", "ordered": false, "returned": false, "color": "Red", "size": "S"}}, {"model": "store.orderproduct", "pk": 34, "fields": {"user": 2, "product": "0a7656ca-59de-4c03-9e06-040696e961e4", "product_price": 829.0, "payment": 34, "order": null, "quantity": 1, "created_at": "2023-07-31T05:26:45.800Z", "updated_at": "2023-07-31T05:26:45.816Z", "ordered": false, "returned": false, "color": "Red", "size": "S"}}, {"model": "store.orderproduct", "pk": 35, "fields": {"user": 2, "product": "1ceb2bd6-2a25-4ff8-8fd8-e60547aa2d05", "product_price": 459.0, "payment": 34, "order": null, "quantity": 1, "created_at": "2023-07-31T05:26:45.816Z", "updated_at": "2023-07-31T05:26:45.816Z", "ordered": false, "returned": false, "color": "Red", "size": "S"}}, {"model": "store.orderproduct", "pk": 36, "fields": {"user": 2, "product": "0a7656ca-59de-4c03-9e06-040696e961e4", "product_price": 829.0, "payment": 35, "order": null, "quantity": 1, "created_at": "2023-07-31T05:27:02.845Z", "updated_at": "2023-07-31T05:27:02.849Z", "ordered": false, "returned": false, "color": "Red", "size": "S"}}, {"model": "store.orderproduct", "pk": 37, "fields": {"user": 2, "product": "1ceb2bd6-2a25-4ff8-8fd8-e60547aa2d05", "product_price": 459.0, "payment": 35, "order": null, "quantity": 1, "created_at": "2023-07-31T05:27:02.854Z", "updated_at": "2023-07-31T05:27:02.857Z", "ordered": false, "returned": false, "color": "Red", "size": "S"}}, {"model": "store.orderproduct", "pk": 38, "fields": {"user": 2, "product": "0a7656ca-59de-4c03-9e06-040696e961e4", "product_price": 829.0, "payment": 37, "order": null, "quantity": 1, "created_at": "2023-07-31T05:27:35.940Z", "updated_at": "2023-07-31T05:28:15.552Z", "ordered": true, "returned": false, "color": "Red", "size": "S"}}, {"model": "store.orderproduct", "pk": 39, "fields": {"user": 2, "product": "1ceb2bd6-2a25-4ff8-8fd8-e60547aa2d05", "product_price": 459.0, "payment": 37, "order": null, "quantity": 1, "created_at": "2023-07-31T05:27:35.940Z", "updated_at": "2023-07-31T05:28:15.552Z", "ordered": true, "returned": false, "color": "Red", "size": "S"}}, {"model": "store.orderproduct", "pk": 40, "fields": {"user": 2, "product": "0a7656ca-59de-4c03-9e06-040696e961e4", "product_price": 829.0, "payment": 39, "order": null, "quantity": 1, "created_at": "2023-07-31T05:33:07.624Z", "updated_at": "2023-07-31T05:33:26.217Z", "ordered": true, "returned": false, "color": "Red", "size": "S"}}, {"model": "store.orderproduct", "pk": 41, "fields": {"user": 2, "product": "1ceb2bd6-2a25-4ff8-8fd8-e60547aa2d05", "product_price": 459.0, "payment": 39, "order": null, "quantity": 1, "created_at": "2023-07-31T05:33:07.633Z", "updated_at": "2023-07-31T05:33:26.217Z", "ordered": true, "returned": false, "color": "Red", "size": "S"}}, {"model": "store.orderproduct", "pk": 42, "fields": {"user": 2, "product": "dc7ffcb3-432b-49d2-b7b0-f180d4e3f13a", "product_price": 1197.0, "payment": 40, "order": null, "quantity": 3, "created_at": "2023-08-01T07:59:22.321Z", "updated_at": "2023-08-01T07:59:22.326Z", "ordered": false, "returned": false, "color": "Red", "size": "XS"}}, {"model": "store.orderproduct", "pk": 43, "fields": {"user": 2, "product": "dc7ffcb3-432b-49d2-b7b0-f180d4e3f13a", "product_price": 1197.0, "payment": 41, "order": null, "quantity": 3, "created_at": "2023-08-01T08:00:39.426Z", "updated_at": "2023-08-01T08:00:39.430Z", "ordered": false, "returned": false, "color": "Red", "size": "XS"}}, {"model": "store.orderproduct", "pk": 44, "fields": {"user": 2, "product": "dc7ffcb3-432b-49d2-b7b0-f180d4e3f13a", "product_price": 1197.0, "payment": 42, "order": null, "quantity": 3, "created_at": "2023-08-01T08:02:17.432Z", "updated_at": "2023-08-01T08:02:17.435Z", "ordered": false, "returned": false, "color": "Red", "size": "XS"}}, {"model": "store.orderproduct", "pk": 45, "fields": {"user": 2, "product": "dc7ffcb3-432b-49d2-b7b0-f180d4e3f13a", "product_price": 1197.0, "payment": 43, "order": null, "quantity": 3, "created_at": "2023-08-01T08:03:57.614Z", "updated_at": "2023-08-01T08:03:57.617Z", "ordered": false, "returned": false, "color": "Red", "size": "XS"}}, {"model": "store.orderproduct", "pk": 46, "fields": {"user": 2, "product": "dc7ffcb3-432b-49d2-b7b0-f180d4e3f13a", "product_price": 1197.0, "payment": 44, "order": null, "quantity": 3, "created_at": "2023-08-01T08:06:04.584Z", "updated_at": "2023-08-01T08:06:04.587Z", "ordered": false, "returned": false, "color": "Red", "size": "XS"}}, {"model": "store.orderproduct", "pk": 47, "fields": {"user": 2, "product": "dc7ffcb3-432b-49d2-b7b0-f180d4e3f13a", "product_price": 1197.0, "payment": 45, "order": null, "quantity": 3, "created_at": "2023-08-01T08:09:09.464Z", "updated_at": "2023-08-01T08:09:09.467Z", "ordered": false, "returned": false, "color": "Red", "size": "XS"}}, {"model": "store.orderproduct", "pk": 48, "fields": {"user": 2, "product": "dc7ffcb3-432b-49d2-b7b0-f180d4e3f13a", "product_price": 1197.0, "payment": 46, "order": null, "quantity": 3, "created_at": "2023-08-01T08:10:32.038Z", "updated_at": "2023-08-01T08:10:32.042Z", "ordered": false, "returned": false, "color": "Red", "size": "XS"}}, {"model": "store.orderproduct", "pk": 49, "fields": {"user": 2, "product": "dc7ffcb3-432b-49d2-b7b0-f180d4e3f13a", "product_price": 1197.0, "payment": 47, "order": null, "quantity": 3, "created_at": "2023-08-01T08:11:04.046Z", "updated_at": "2023-08-01T08:11:04.050Z", "ordered": false, "returned": false, "color": "Red", "size": "XS"}}, {"model": "store.orderproduct", "pk": 50, "fields": {"user": 2, "product": "dc7ffcb3-432b-49d2-b7b0-f180d4e3f13a", "product_price": 1197.0, "payment": 48, "order": null, "quantity": 3, "created_at": "2023-08-01T08:12:03.779Z", "updated_at": "2023-08-01T08:12:03.781Z", "ordered": false, "returned": false, "color": "Red", "size": "XS"}}, {"model": "store.orderproduct", "pk": 51, "fields": {"user": 2, "product": "dc7ffcb3-432b-49d2-b7b0-f180d4e3f13a", "product_price": 1197.0, "payment": 49, "order": null, "quantity": 3, "created_at": "2023-08-01T08:14:25.910Z", "updated_at": "2023-08-01T08:14:25.914Z", "ordered": false, "returned": false, "color": "Red", "size": "XS"}}, {"model": "store.orderproduct", "pk": 52, "fields": {"user": 2, "product": "dc7ffcb3-432b-49d2-b7b0-f180d4e3f13a", "product_price": 1197.0, "payment": 50, "order": null, "quantity": 3, "created_at": "2023-08-01T08:21:48.252Z", "updated_at": "2023-08-01T08:21:48.256Z", "ordered": false, "returned": false, "color": "Red", "size": "XS"}}, {"model": "store.orderproduct", "pk": 53, "fields": {"user": 2, "product": "dc7ffcb3-432b-49d2-b7b0-f180d4e3f13a", "product_price": 1197.0, "payment": 51, "order": null, "quantity": 3, "created_at": "2023-08-01T08:24:35.229Z", "updated_at": "2023-08-01T08:24:35.234Z", "ordered": false, "returned": false, "color": "Red", "size": "XS"}}, {"model": "store.orderproduct", "pk": 54, "fields": {"user": 2, "product": "dc7ffcb3-432b-49d2-b7b0-f180d4e3f13a", "product_price": 1197.0, "payment": 52, "order": null, "quantity": 3, "created_at": "2023-08-01T09:39:43.588Z", "updated_at": "2023-08-01T09:39:43.591Z", "ordered": false, "returned": false, "color": "Red", "size": "XS"}}, {"model": "store.orderproduct", "pk": 55, "fields": {"user": 2, "product": "dc7ffcb3-432b-49d2-b7b0-f180d4e3f13a", "product_price": 1197.0, "payment": 53, "order": null, "quantity": 3, "created_at": "2023-08-01T09:42:54.096Z", "updated_at": "2023-08-01T09:42:54.100Z", "ordered": false, "returned": false, "color": "Red", "size": "XS"}}, {"model": "store.orderproduct", "pk": 56, "fields": {"user": 2, "product": "dc7ffcb3-432b-49d2-b7b0-f180d4e3f13a", "product_price": 1197.0, "payment": 54, "order": null, "quantity": 3, "created_at": "2023-08-01T09:52:40.900Z", "updated_at": "2023-08-01T09:52:40.903Z", "ordered": false, "returned": false, "color": "Red", "size": "XS"}}, {"model": "store.orderproduct", "pk": 57, "fields": {"user": 2, "product": "dc7ffcb3-432b-49d2-b7b0-f180d4e3f13a", "product_price": 1197.0, "payment": 55, "order": null, "quantity": 3, "created_at": "2023-08-02T04:18:09.477Z", "updated_at": "2023-08-02T04:18:09.477Z", "ordered": false, "returned": false, "color": "Red", "size": "XS"}}, {"model": "store.orderproduct", "pk": 58, "fields": {"user": 2, "product": "dc7ffcb3-432b-49d2-b7b0-f180d4e3f13a", "product_price": 1197.0, "payment": 56, "order": null, "quantity": 3, "created_at": "2023-08-02T04:21:42.764Z", "updated_at": "2023-08-03T11:05:43.768Z", "ordered": false, "returned": true, "color": "Red", "size": "XS"}}, {"model": "store.orderproduct", "pk": 59, "fields": {"user": 2, "product": "dc7ffcb3-432b-49d2-b7b0-f180d4e3f13a", "product_price": 1197.0, "payment": 57, "order": null, "quantity": 3, "created_at": "2023-08-02T04:33:43.997Z", "updated_at": "2023-08-02T04:33:44.005Z", "ordered": false, "returned": false, "color": "Red", "size": "XS"}}, {"model": "store.orderproduct", "pk": 60, "fields": {"user": 2, "product": "70cc61e3-30f1-4ace-aced-fab6959cbc1b", "product_price": 1596.0, "payment": 58, "order": null, "quantity": 4, "created_at": "2023-08-02T08:10:09.218Z", "updated_at": "2023-08-02T08:10:09.223Z", "ordered": false, "returned": false, "color": "Red", "size": "XS"}}, {"model": "store.orderproduct", "pk": 61, "fields": {"user": 2, "product": "70cc61e3-30f1-4ace-aced-fab6959cbc1b", "product_price": 1596.0, "payment": 59, "order": null, "quantity": 4, "created_at": "2023-08-02T08:11:59.578Z", "updated_at": "2023-08-03T10:07:03.498Z", "ordered": false, "returned": true, "color": "Red", "size": "XS"}}, {"model": "store.orderproduct", "pk": 62, "fields": {"user": 2, "product": "5e11b36e-e87d-4aa4-96ea-e0876e1cc401", "product_price": 1599.0, "payment": 61, "order": null, "quantity": 1, "created_at": "2023-08-03T12:11:19.406Z", "updated_at": "2023-08-03T12:11:19.411Z", "ordered": false, "returned": false, "color": "Red", "size": "XS"}}, {"model": "store.orderproduct", "pk": 63, "fields": {"user": 2, "product": "70cc61e3-30f1-4ace-aced-fab6959cbc1b", "product_price": 399.0, "payment": 61, "order": null, "quantity": 1, "created_at": "2023-08-03T12:11:19.417Z", "updated_at": "2023-08-03T12:11:19.420Z", "ordered": false, "returned": false, "color": "Red", "size": "XS"}}, {"model": "store.orderproduct", "pk": 64, "fields": {"user": 2, "product": "5e11b36e-e87d-4aa4-96ea-e0876e1cc401", "product_price": 1599.0, "payment": 62, "order": null, "quantity": 1, "created_at": "2023-08-03T12:11:57.654Z", "updated_at": "2023-08-03T12:11:57.657Z", "ordered": false, "returned": false, "color": "Red", "size": "XS"}}, {"model": "store.orderproduct", "pk": 65, "fields": {"user": 2, "product": "70cc61e3-30f1-4ace-aced-fab6959cbc1b", "product_price": 399.0, "payment": 62, "order": null, "quantity": 1, "created_at": "2023-08-03T12:11:57.662Z", "updated_at": "2023-08-03T12:11:57.665Z", "ordered": false, "returned": false, "color": "Red", "size": "XS"}}, {"model": "store.orderproduct", "pk": 66, "fields": {"user": 2, "product": "5e11b36e-e87d-4aa4-96ea-e0876e1cc401", "product_price": 1599.0, "payment": 63, "order": null, "quantity": 1, "created_at": "2023-08-03T12:15:21.862Z", "updated_at": "2023-08-03T12:15:21.870Z", "ordered": false, "returned": false, "color": "Red", "size": "XS"}}, {"model": "store.orderproduct", "pk": 67, "fields": {"user": 2, "product": "70cc61e3-30f1-4ace-aced-fab6959cbc1b", "product_price": 399.0, "payment": 63, "order": null, "quantity": 1, "created_at": "2023-08-03T12:15:21.878Z", "updated_at": "2023-08-03T12:15:21.886Z", "ordered": false, "returned": false, "color": "Red", "size": "XS"}}, {"model": "store.orderproduct", "pk": 68, "fields": {"user": 2, "product": "5e11b36e-e87d-4aa4-96ea-e0876e1cc401", "product_price": 1599.0, "payment": 64, "order": null, "quantity": 1, "created_at": "2023-08-03T12:19:38.993Z", "updated_at": "2023-08-03T12:19:39.010Z", "ordered": false, "returned": false, "color": "Red", "size": "XS"}}, {"model": "store.orderproduct", "pk": 69, "fields": {"user": 2, "product": "70cc61e3-30f1-4ace-aced-fab6959cbc1b", "product_price": 399.0, "payment": 64, "order": null, "quantity": 1, "created_at": "2023-08-03T12:19:39.010Z", "updated_at": "2023-08-03T12:19:39.025Z", "ordered": false, "returned": false, "color": "Red", "size": "XS"}}, {"model": "store.orderproduct", "pk": 70, "fields": {"user": 2, "product": "5e11b36e-e87d-4aa4-96ea-e0876e1cc401", "product_price": 1599.0, "payment": 65, "order": null, "quantity": 1, "created_at": "2023-08-03T12:24:33.866Z", "updated_at": "2023-08-03T12:24:33.874Z", "ordered": false, "returned": false, "color": "Red", "size": "XS"}}, {"model": "store.orderproduct", "pk": 71, "fields": {"user": 2, "product": "70cc61e3-30f1-4ace-aced-fab6959cbc1b", "product_price": 399.0, "payment": 65, "order": null, "quantity": 1, "created_at": "2023-08-03T12:24:33.882Z", "updated_at": "2023-08-03T12:24:33.882Z", "ordered": false, "returned": false, "color": "Red", "size": "XS"}}, {"model": "store.orderproduct", "pk": 72, "fields": {"user": 2, "product": "5e11b36e-e87d-4aa4-96ea-e0876e1cc401", "product_price": 1599.0, "payment": 66, "order": null, "quantity": 1, "created_at": "2023-08-03T12:27:05.865Z", "updated_at": "2023-08-03T12:27:05.871Z", "ordered": false, "returned": false, "color": "Red", "size": "XS"}}, {"model": "store.orderproduct", "pk": 73, "fields": {"user": 2, "product": "70cc61e3-30f1-4ace-aced-fab6959cbc1b", "product_price": 399.0, "payment": 66, "order": null, "quantity": 1, "created_at": "2023-08-03T12:27:05.881Z", "updated_at": "2023-08-03T12:27:05.889Z", "ordered": false, "returned": false, "color": "Red", "size": "XS"}}, {"model": "store.orderproduct", "pk": 74, "fields": {"user": 2, "product": "5e11b36e-e87d-4aa4-96ea-e0876e1cc401", "product_price": 1599.0, "payment": 67, "order": null, "quantity": 1, "created_at": "2023-08-03T12:28:30.404Z", "updated_at": "2023-08-03T12:28:30.420Z", "ordered": false, "returned": false, "color": "Red", "size": "XS"}}, {"model": "store.orderproduct", "pk": 75, "fields": {"user": 2, "product": "70cc61e3-30f1-4ace-aced-fab6959cbc1b", "product_price": 399.0, "payment": 67, "order": null, "quantity": 1, "created_at": "2023-08-03T12:28:30.436Z", "updated_at": "2023-08-03T12:28:30.436Z", "ordered": false, "returned": false, "color": "Red", "size": "XS"}}, {"model": "store.orderproduct", "pk": 76, "fields": {"user": 2, "product": "5e11b36e-e87d-4aa4-96ea-e0876e1cc401", "product_price": 1599.0, "payment": 68, "order": null, "quantity": 1, "created_at": "2023-08-03T12:29:32.197Z", "updated_at": "2023-08-03T12:29:32.209Z", "ordered": false, "returned": false, "color": "Red", "size": "XS"}}, {"model": "store.orderproduct", "pk": 77, "fields": {"user": 2, "product": "70cc61e3-30f1-4ace-aced-fab6959cbc1b", "product_price": 399.0, "payment": 68, "order": null, "quantity": 1, "created_at": "2023-08-03T12:29:32.213Z", "updated_at": "2023-08-03T12:29:32.228Z", "ordered": false, "returned": false, "color": "Red", "size": "XS"}}, {"model": "store.orderproduct", "pk": 78, "fields": {"user": 2, "product": "5e11b36e-e87d-4aa4-96ea-e0876e1cc401", "product_price": 1599.0, "payment": 69, "order": null, "quantity": 1, "created_at": "2023-08-03T12:29:56.485Z", "updated_at": "2023-08-03T12:29:56.502Z", "ordered": false, "returned": false, "color": "Red", "size": "XS"}}, {"model": "store.orderproduct", "pk": 79, "fields": {"user": 2, "product": "70cc61e3-30f1-4ace-aced-fab6959cbc1b", "product_price": 399.0, "payment": 69, "order": null, "quantity": 1, "created_at": "2023-08-03T12:29:56.502Z", "updated_at": "2023-08-03T12:29:56.502Z", "ordered": false, "returned": false, "color": "Red", "size": "XS"}}, {"model": "store.orderproduct", "pk": 80, "fields": {"user": 2, "product": "5e11b36e-e87d-4aa4-96ea-e0876e1cc401", "product_price": 1599.0, "payment": 70, "order": null, "quantity": 1, "created_at": "2023-08-03T12:31:07.438Z", "updated_at": "2023-08-03T12:31:07.454Z", "ordered": false, "returned": false, "color": "Red", "size": "XS"}}, {"model": "store.orderproduct", "pk": 81, "fields": {"user": 2, "product": "70cc61e3-30f1-4ace-aced-fab6959cbc1b", "product_price": 399.0, "payment": 70, "order": null, "quantity": 1, "created_at": "2023-08-03T12:31:07.470Z", "updated_at": "2023-08-03T12:31:07.470Z", "ordered": false, "returned": false, "color": "Red", "size": "XS"}}, {"model": "store.orderproduct", "pk": 82, "fields": {"user": 2, "product": "5e11b36e-e87d-4aa4-96ea-e0876e1cc401", "product_price": 1599.0, "payment": 72, "order": null, "quantity": 1, "created_at": "2023-08-03T12:32:47.801Z", "updated_at": "2023-08-03T12:36:08.788Z", "ordered": true, "returned": false, "color": "Red", "size": "XS"}}, {"model": "store.orderproduct", "pk": 83, "fields": {"user": 2, "product": "70cc61e3-30f1-4ace-aced-fab6959cbc1b", "product_price": 399.0, "payment": 72, "order": null, "quantity": 1, "created_at": "2023-08-03T12:32:47.814Z", "updated_at": "2023-08-03T12:36:08.796Z", "ordered": true, "returned": false, "color": "Red", "size": "XS"}}, {"model": "store.orderproduct", "pk": 84, "fields": {"user": 2, "product": "5e11b36e-e87d-4aa4-96ea-e0876e1cc401", "product_price": 1599.0, "payment": 73, "order": null, "quantity": 1, "created_at": "2023-08-03T12:41:29.115Z", "updated_at": "2023-08-03T12:41:29.115Z", "ordered": false, "returned": false, "color": "Red", "size": "XS"}}, {"model": "store.orderproduct", "pk": 85, "fields": {"user": 2, "product": "70cc61e3-30f1-4ace-aced-fab6959cbc1b", "product_price": 399.0, "payment": 73, "order": null, "quantity": 1, "created_at": "2023-08-03T12:41:29.130Z", "updated_at": "2023-08-03T12:41:29.130Z", "ordered": false, "returned": false, "color": "Red", "size": "XS"}}, {"model": "store.orderproduct", "pk": 86, "fields": {"user": 2, "product": "5e11b36e-e87d-4aa4-96ea-e0876e1cc401", "product_price": 1599.0, "payment": 74, "order": null, "quantity": 1, "created_at": "2023-08-03T12:43:49.761Z", "updated_at": "2023-08-03T12:43:49.769Z", "ordered": false, "returned": false, "color": "Red", "size": "XS"}}, {"model": "store.orderproduct", "pk": 87, "fields": {"user": 2, "product": "70cc61e3-30f1-4ace-aced-fab6959cbc1b", "product_price": 399.0, "payment": 74, "order": null, "quantity": 1, "created_at": "2023-08-03T12:43:49.777Z", "updated_at": "2023-08-03T12:43:49.785Z", "ordered": false, "returned": false, "color": "Red", "size": "XS"}}, {"model": "store.orderproduct", "pk": 88, "fields": {"user": 2, "product": "5e11b36e-e87d-4aa4-96ea-e0876e1cc401", "product_price": 1599.0, "payment": 75, "order": null, "quantity": 1, "created_at": "2023-08-03T12:45:15.525Z", "updated_at": "2023-08-03T12:45:15.525Z", "ordered": false, "returned": false, "color": "Red", "size": "XS"}}, {"model": "store.orderproduct", "pk": 89, "fields": {"user": 2, "product": "70cc61e3-30f1-4ace-aced-fab6959cbc1b", "product_price": 399.0, "payment": 75, "order": null, "quantity": 1, "created_at": "2023-08-03T12:45:15.541Z", "updated_at": "2023-08-03T12:45:15.541Z", "ordered": false, "returned": false, "color": "Red", "size": "XS"}}, {"model": "store.orderproduct", "pk": 90, "fields": {"user": 2, "product": "5e11b36e-e87d-4aa4-96ea-e0876e1cc401", "product_price": 1599.0, "payment": 76, "order": null, "quantity": 1, "created_at": "2023-08-03T12:47:28.149Z", "updated_at": "2023-08-03T12:47:28.157Z", "ordered": false, "returned": false, "color": "Red", "size": "XS"}}, {"model": "store.orderproduct", "pk": 91, "fields": {"user": 2, "product": "70cc61e3-30f1-4ace-aced-fab6959cbc1b", "product_price": 399.0, "payment": 76, "order": null, "quantity": 1, "created_at": "2023-08-03T12:47:28.165Z", "updated_at": "2023-08-03T12:47:28.173Z", "ordered": false, "returned": false, "color": "Red", "size": "XS"}}, {"model": "store.orderproduct", "pk": 92, "fields": {"user": 2, "product": "5e11b36e-e87d-4aa4-96ea-e0876e1cc401", "product_price": 1599.0, "payment": 78, "order": null, "quantity": 1, "created_at": "2023-08-03T12:47:52.340Z", "updated_at": "2023-08-03T12:48:26.249Z", "ordered": true, "returned": false, "color": "Red", "size": "XS"}}, {"model": "store.orderproduct", "pk": 93, "fields": {"user": 2, "product": "70cc61e3-30f1-4ace-aced-fab6959cbc1b", "product_price": 399.0, "payment": 78, "order": null, "quantity": 1, "created_at": "2023-08-03T12:47:52.381Z", "updated_at": "2023-08-03T12:48:26.263Z", "ordered": true, "returned": false, "color": "Red", "size": "XS"}}, {"model": "store.orderproduct", "pk": 94, "fields": {"user": 2, "product": "d4415b33-c611-4141-9b49-1dfef8b62753", "product_price": 559.0, "payment": 79, "order": null, "quantity": 1, "created_at": "2023-08-03T12:53:46.240Z", "updated_at": "2023-08-03T12:53:46.248Z", "ordered": false, "returned": false, "color": "Green", "size": "S"}}, {"model": "store.orderproduct", "pk": 95, "fields": {"user": 2, "product": "d4415b33-c611-4141-9b49-1dfef8b62753", "product_price": 559.0, "payment": 80, "order": null, "quantity": 1, "created_at": "2023-08-03T12:55:38.027Z", "updated_at": "2023-08-03T12:55:38.036Z", "ordered": false, "returned": false, "color": "Green", "size": "S"}}, {"model": "store.orderproduct", "pk": 96, "fields": {"user": 2, "product": "d4415b33-c611-4141-9b49-1dfef8b62753", "product_price": 559.0, "payment": 82, "order": null, "quantity": 1, "created_at": "2023-08-03T12:57:41.205Z", "updated_at": "2023-08-03T12:57:53.880Z", "ordered": true, "returned": false, "color": "Green", "size": "S"}}, {"model": "store.orderproduct", "pk": 97, "fields": {"user": 2, "product": "9aea8cc5-33e6-44b3-8643-e8a15211e6d9", "product_price": 798.0, "payment": 84, "order": null, "quantity": 2, "created_at": "2023-08-03T13:02:54.073Z", "updated_at": "2023-08-03T13:03:09.695Z", "ordered": true, "returned": false, "color": "Red", "size": "M"}}, {"model": "store.orderproduct", "pk": 98, "fields": {"user": 2, "product": "9aea8cc5-33e6-44b3-8643-e8a15211e6d9", "product_price": 399.0, "payment": 86, "order": null, "quantity": 1, "created_at": "2023-08-03T13:04:53.278Z", "updated_at": "2023-08-03T13:05:33.957Z", "ordered": true, "returned": false, "color": "Red", "size": "M"}}, {"model": "store.orderproduct", "pk": 99, "fields": {"user": 2, "product": "9aea8cc5-33e6-44b3-8643-e8a15211e6d9", "product_price": 399.0, "payment": 87, "order": null, "quantity": 1, "created_at": "2023-08-03T13:36:42.950Z", "updated_at": "2023-08-03T13:36:42.958Z", "ordered": false, "returned": false, "color": "Red", "size": "M"}}, {"model": "store.orderproduct", "pk": 100, "fields": {"user": 2, "product": "9aea8cc5-33e6-44b3-8643-e8a15211e6d9", "product_price": 399.0, "payment": 89, "order": 70, "quantity": 1, "created_at": "2023-08-04T03:37:08.788Z", "updated_at": "2023-08-04T04:18:48.708Z", "ordered": true, "returned": true, "color": "Red", "size": "M"}}, {"model": "store.orderproduct", "pk": 101, "fields": {"user": 2, "product": "9aea8cc5-33e6-44b3-8643-e8a15211e6d9", "product_price": 399.0, "payment": 90, "order": 71, "quantity": 1, "created_at": "2023-08-04T03:42:20.128Z", "updated_at": "2023-08-04T03:42:20.135Z", "ordered": false, "returned": false, "color": "Red", "size": "M"}}, {"model": "store.orderproduct", "pk": 102, "fields": {"user": 2, "product": "9aea8cc5-33e6-44b3-8643-e8a15211e6d9", "product_price": 798.0, "payment": 92, "order": 72, "quantity": 2, "created_at": "2023-08-04T04:08:34.922Z", "updated_at": "2023-08-04T04:08:34.925Z", "ordered": false, "returned": false, "color": "Red", "size": "M"}}, {"model": "store.orderproduct", "pk": 103, "fields": {"user": 2, "product": "9aea8cc5-33e6-44b3-8643-e8a15211e6d9", "product_price": 798.0, "payment": 93, "order": 73, "quantity": 2, "created_at": "2023-08-04T04:10:53.467Z", "updated_at": "2023-08-04T04:10:53.467Z", "ordered": false, "returned": false, "color": "Red", "size": "M"}}, {"model": "store.orderproduct", "pk": 104, "fields": {"user": 2, "product": "9aea8cc5-33e6-44b3-8643-e8a15211e6d9", "product_price": 798.0, "payment": 94, "order": 74, "quantity": 2, "created_at": "2023-08-04T04:39:56.255Z", "updated_at": "2023-08-04T04:39:56.258Z", "ordered": false, "returned": false, "color": "Red", "size": "M"}}, {"model": "store.orderproduct", "pk": 105, "fields": {"user": 2, "product": "9aea8cc5-33e6-44b3-8643-e8a15211e6d9", "product_price": 798.0, "payment": 95, "order": 75, "quantity": 2, "created_at": "2023-08-04T04:40:57.165Z", "updated_at": "2023-08-04T04:40:57.170Z", "ordered": false, "returned": false, "color": "Red", "size": "M"}}, {"model": "store.orderproduct", "pk": 106, "fields": {"user": 2, "product": "9aea8cc5-33e6-44b3-8643-e8a15211e6d9", "product_price": 798.0, "payment": 96, "order": 76, "quantity": 2, "created_at": "2023-08-04T04:41:36.819Z", "updated_at": "2023-08-04T04:41:36.822Z", "ordered": false, "returned": false, "color": "Red", "size": "M"}}, {"model": "store.orderproduct", "pk": 107, "fields": {"user": 2, "product": "9aea8cc5-33e6-44b3-8643-e8a15211e6d9", "product_price": 798.0, "payment": 97, "order": 77, "quantity": 2, "created_at": "2023-08-04T04:41:41.665Z", "updated_at": "2023-08-04T04:41:41.672Z", "ordered": false, "returned": false, "color": "Red", "size": "M"}}, {"model": "store.orderproduct", "pk": 108, "fields": {"user": 2, "product": "3ca79883-3789-442a-bf9a-a95efa34a66e", "product_price": 897.0, "payment": 98, "order": 78, "quantity": 3, "created_at": "2023-08-04T04:54:07.792Z", "updated_at": "2023-08-04T04:54:07.796Z", "ordered": false, "returned": false, "color": "Red", "size": "XS"}}, {"model": "store.orderproduct", "pk": 109, "fields": {"user": 2, "product": "9aea8cc5-33e6-44b3-8643-e8a15211e6d9", "product_price": 1596.0, "payment": 99, "order": 79, "quantity": 4, "created_at": "2023-08-04T05:01:59.692Z", "updated_at": "2023-08-04T05:01:59.696Z", "ordered": false, "returned": false, "color": "Red", "size": "M"}}, {"model": "store.orderproduct", "pk": 110, "fields": {"user": 2, "product": "9aea8cc5-33e6-44b3-8643-e8a15211e6d9", "product_price": 1596.0, "payment": 101, "order": 80, "quantity": 4, "created_at": "2023-08-04T05:06:01.440Z", "updated_at": "2023-08-04T05:06:01.453Z", "ordered": false, "returned": false, "color": "Red", "size": "M"}}, {"model": "store.orderproduct", "pk": 111, "fields": {"user": 2, "product": "9aea8cc5-33e6-44b3-8643-e8a15211e6d9", "product_price": 1596.0, "payment": 103, "order": 81, "quantity": 4, "created_at": "2023-08-04T05:09:03.546Z", "updated_at": "2023-08-04T05:23:00.339Z", "ordered": true, "returned": false, "color": "Red", "size": "M"}}, {"model": "store.orderproduct", "pk": 112, "fields": {"user": 2, "product": "9aea8cc5-33e6-44b3-8643-e8a15211e6d9", "product_price": 798.0, "payment": 104, "order": 82, "quantity": 2, "created_at": "2023-08-04T05:27:43.133Z", "updated_at": "2023-08-04T05:27:43.137Z", "ordered": false, "returned": false, "color": "Red", "size": "M"}}, {"model": "store.orderproduct", "pk": 113, "fields": {"user": 2, "product": "9aea8cc5-33e6-44b3-8643-e8a15211e6d9", "product_price": 1596.0, "payment": 106, "order": 83, "quantity": 4, "created_at": "2023-08-04T07:18:30.033Z", "updated_at": "2023-08-04T07:19:01.935Z", "ordered": true, "returned": false, "color": "Red", "size": "M"}}, {"model": "store.orderproduct", "pk": 114, "fields": {"user": 2, "product": "0a7656ca-59de-4c03-9e06-040696e961e4", "product_price": 3196.0, "payment": 106, "order": 83, "quantity": 4, "created_at": "2023-08-04T07:18:30.041Z", "updated_at": "2023-08-04T07:19:01.935Z", "ordered": true, "returned": false, "color": "Red", "size": "XS"}}, {"model": "store.orderproduct", "pk": 115, "fields": {"user": 2, "product": "1ceb2bd6-2a25-4ff8-8fd8-e60547aa2d05", "product_price": 399.0, "payment": 109, "order": 84, "quantity": 1, "created_at": "2023-08-06T04:43:14.235Z", "updated_at": "2023-08-06T04:43:14.243Z", "ordered": false, "returned": false, "color": "Red", "size": "XS"}}, {"model": "store.shippingaddress", "pk": 5, "fields": {"user": 2, "first_name": "Arun", "last_name": "Krishna", "phone": "9874563214", "email": "arunakvb98@gmail.com", "address_line_1": "Address1", "address_line_2": "Address1", "country": "country", "state": "state", "city": "city", "pincode": "688545", "is_default": false}}, {"model": "store.shippingaddress", "pk": 7, "fields": {"user": 2, "first_name": "Arun Krishna", "last_name": "V B", "phone": "9865327414", "email": "arunakvb98@gmail.com", "address_line_1": "Address2", "address_line_2": "address2", "country": "country", "state": "state", "city": "city", "pincode": "689565", "is_default": true}}, {"model": "store.ucart", "pk": 1, "fields": {"cart_id": "uxi7udxzm8xkh6plkjroo7299a0uvycw", "date_added": "2023-07-27"}}, {"model": "store.ucart", "pk": 2, "fields": {"cart_id": "9x7st04iol3vvitqlhsyrrj7nbs26rmq", "date_added": "2023-07-28"}}, {"model": "store.ucart", "pk": 3, "fields": {"cart_id": "dvd0brmdfwb6ppebsb7vb72h4yoncy9i", "date_added": "2023-07-29"}}, {"model": "store.ucart", "pk": 4, "fields": {"cart_id": "44ebhnw4g5b5fz6np0p1131rne05hfdz", "date_added": "2023-07-31"}}, {"model": "store.cartitems", "pk": 43, "fields": {"user": 2, "product": "1ceb2bd6-2a25-4ff8-8fd8-e60547aa2d05", "product_variant": "74a6deaa-5e96-491f-9309-f7e86fd9e5bb", "cart": null, "quantity": 1, "is_active": true}}, {"model": "store.coupons", "pk": 1, "fields": {"coupon_code": "12000", "MinPurchase": 1000.0, "ExpDate": "2023-08-26", "amount": 100.0, "coupon_type": "discount", "is_deleted": false}}, {"model": "store.coupons", "pk": 2, "fields": {"coupon_code": "12001", "MinPurchase": 2000.0, "ExpDate": "2023-08-16", "amount": 200.0, "coupon_type": "discount", "is_deleted": false}}, {"model": "store.coupons", "pk": 3, "fields": {"coupon_code": "12003", "MinPurchase": 500.0, "ExpDate": "2023-08-24", "amount": 50.0, "coupon_type": "discount", "is_deleted": false}}, {"model": "store.coupons", "pk": 4, "fields": {"coupon_code": "12004", "MinPurchase": 1200.0, "ExpDate": "2023-08-17", "amount": 120.0, "coupon_type": "discount", "is_deleted": false}}, {"model": "store.coupons", "pk": 5, "fields": {"coupon_code": "12005", "MinPurchase": 0.0, "ExpDate": "2023-08-24", "amount": 100.0, "coupon_type": "moneytowallet", "is_deleted": false}}, {"model": "store.coupons", "pk": 6, "fields": {"coupon_code": "12006", "MinPurchase": 0.0, "ExpDate": "2023-08-24", "amount": 50.0, "coupon_type": "moneytowallet", "is_deleted": false}}, {"model": "store.coupons", "pk": 7, "fields": {"coupon_code": "ab1200", "MinPurchase": 0.0, "ExpDate": "2023-08-02", "amount": 200.0, "coupon_type": "moneytowallet", "is_deleted": false}}, {"model": "store.coupons", "pk": 8, "fields": {"coupon_code": "AB0001", "MinPurchase": 0.0, "ExpDate": "2023-08-04", "amount": 200.0, "coupon_type": "moneytowallet", "is_deleted": false}}, {"model": "store.guest", "pk": 2, "fields": {"guest_id": "ssfvdlm22nxahpat87fk6mbzrjbmdntt", "date_added": "2023-07-28"}}, {"model": "store.guest", "pk": 3, "fields": {"guest_id": "yb77timqb6c0b4ppoe932zm54hlim2gq", "date_added": "2023-07-28"}}, {"model": "store.guest", "pk": 4, "fields": {"guest_id": "44ebhnw4g5b5fz6np0p1131rne05hfdz", "date_added": "2023-07-31"}}, {"model": "store.wishlist", "pk": 13, "fields": {"guest": null, "user": 2, "product": "1ceb2bd6-2a25-4ff8-8fd8-e60547aa2d05", "date_added": "2023-07-29"}}, {"model": "store.wallet", "pk": 1, "fields": {"user": 2, "amount": 2985.02, "updated_at": "2023-08-04T04:19:30.778Z", "pin": "1"}}, {"model": "store.coupon_redeemed_details", "pk": 1, "fields": {"user": 2, "coupon": 5, "date_added": "2023-08-02", "updated_at": "2023-08-02T07:21:54.770Z", "is_redeemed": true}}, {"model": "store.coupon_redeemed_details", "pk": 3, "fields": {"user": 2, "coupon": 6, "date_added": "2023-08-02", "updated_at": "2023-08-02T08:42:59.799Z", "is_redeemed": true}}, {"model": "store.coupon_redeemed_details", "pk": 4, "fields": {"user": 2, "coupon": 8, "date_added": "2023-08-04", "updated_at": "2023-08-04T04:17:09.287Z", "is_redeemed": true}}, {"model": "store.coupon_redeemed_details", "pk": 5, "fields": {"user": 2, "coupon": 3, "date_added": "2023-08-04", "updated_at": "2023-08-04T05:27:52.612Z", "is_redeemed": true}}, {"model": "store.coupon_redeemed_details", "pk": 6, "fields": {"user": 2, "coupon": 3, "date_added": "2023-08-04", "updated_at": "2023-08-04T05:28:13.349Z", "is_redeemed": true}}, {"model": "store.notification", "pk": 4, "fields": {"user": 2, "message": "Your request for Returning Product Men Solid Biker/Riding Jacket has been Rejected", "timestamp": "2023-08-04T08:37:03.590Z", "is_read": true}}, {"model": "store.return_request", "pk": 3, "fields": {"user": 2, "item": 100, "timestamp": "2023-08-04T04:18:48.714Z", "moreinfo": "returning", "status": "Rejected"}}]